[{"pk": 11, "model": "contenttypes.contenttype", "fields": {"model": "device", "name": "Device", "app_label": "ajax_app"}}, {"pk": 9, "model": "contenttypes.contenttype", "fields": {"model": "devicetype", "name": "Device Type", "app_label": "ajax_app"}}, {"pk": 20, "model": "contenttypes.contenttype", "fields": {"model": "apiaccess", "name": "api access", "app_label": "tastypie"}}, {"pk": 21, "model": "contenttypes.contenttype", "fields": {"model": "apikey", "name": "api key", "app_label": "tastypie"}}, {"pk": 13, "model": "contenttypes.contenttype", "fields": {"model": "booking", "name": "booking", "app_label": "ajax_app"}}, {"pk": 19, "model": "contenttypes.contenttype", "fields": {"model": "config", "name": "config", "app_label": "ajax_app"}}, {"pk": 18, "model": "contenttypes.contenttype", "fields": {"model": "configset", "name": "config set", "app_label": "ajax_app"}}, {"pk": 10, "model": "contenttypes.contenttype", "fields": {"model": "connection", "name": "connection", "app_label": "ajax_app"}}, {"pk": 4, "model": "contenttypes.contenttype", "fields": {"model": "contenttype", "name": "content type", "app_label": "contenttypes"}}, {"pk": 2, "model": "contenttypes.contenttype", "fields": {"model": "group", "name": "group", "app_label": "auth"}}, {"pk": 15, "model": "contenttypes.contenttype", "fields": {"model": "location", "name": "location", "app_label": "ajax_app"}}, {"pk": 7, "model": "contenttypes.contenttype", "fields": {"model": "logentry", "name": "log entry", "app_label": "admin"}}, {"pk": 14, "model": "contenttypes.contenttype", "fields": {"model": "migrationhistory", "name": "migration history", "app_label": "south"}}, {"pk": 1, "model": "contenttypes.contenttype", "fields": {"model": "permission", "name": "permission", "app_label": "auth"}}, {"pk": 8, "model": "contenttypes.contenttype", "fields": {"model": "pod", "name": "pod", "app_label": "ajax_app"}}, {"pk": 5, "model": "contenttypes.contenttype", "fields": {"model": "session", "name": "session", "app_label": "sessions"}}, {"pk": 6, "model": "contenttypes.contenttype", "fields": {"model": "site", "name": "site", "app_label": "sites"}}, {"pk": 12, "model": "contenttypes.contenttype", "fields": {"model": "studytype", "name": "study type", "app_label": "ajax_app"}}, {"pk": 3, "model": "contenttypes.contenttype", "fields": {"model": "user", "name": "user", "app_label": "auth"}}, {"pk": "901434ed9a69c128d9d2ec1ed47a87d2", "model": "sessions.session", "fields": {"expire_date": "2012-10-27T17:12:33.279Z", "session_data": "NDdmZmJiNGY3MDQ3ZmYwOTk3MjM0MDYyZWQ3ZDBhMDZmNDkxM2RmYzqAAn1xAShVEl9hdXRoX3Vz\nZXJfYmFja2VuZHECVSlkamFuZ28uY29udHJpYi5hdXRoLmJhY2tlbmRzLk1vZGVsQmFja2VuZHED\nVQ1fYXV0aF91c2VyX2lkcQRLAXUu\n"}}, {"pk": "802de384550e98b9404410a18637d474", "model": "sessions.session", "fields": {"expire_date": "2012-11-12T18:13:29.771Z", "session_data": "NDdmZmJiNGY3MDQ3ZmYwOTk3MjM0MDYyZWQ3ZDBhMDZmNDkxM2RmYzqAAn1xAShVEl9hdXRoX3Vz\nZXJfYmFja2VuZHECVSlkamFuZ28uY29udHJpYi5hdXRoLmJhY2tlbmRzLk1vZGVsQmFja2VuZHED\nVQ1fYXV0aF91c2VyX2lkcQRLAXUu\n"}}, {"pk": "3094dec0d32b6390f1959b735387d0d0", "model": "sessions.session", "fields": {"expire_date": "2013-02-15T11:08:55.312Z", "session_data": "OWEzYWZiOWRkZjlhNzU1ODdmYWI0MTQ2OThkM2JjNGIxMDE4NTJkZDqAAn1xAShVDV9hdXRoX3Vz\nZXJfaWRLAVUKc3RhcnRfdGltZVgIAAAAMTE6MDA6MDBVEl9hdXRoX3VzZXJfYmFja2VuZFUpZGph\nbmdvLmNvbnRyaWIuYXV0aC5iYWNrZW5kcy5Nb2RlbEJhY2tlbmRVCGVuZF90aW1lWAgAAAAxMjow\nMDowMFUEZGF0ZWNkYXRldGltZQpkYXRlCnECVQQH3QIBhVJxA1UGcG9kX2lkcQRYAQAAADF1Lg==\n"}}, {"pk": "9387721a261f407c0ea244d0bacbd6ce", "model": "sessions.session", "fields": {"expire_date": "2013-02-15T11:11:42.197Z", "session_data": "MDJjNTRmYzFjNmFlNjdmMzEyNDViM2E0MDY1YTU4NDIxM2E5YmJiODqAAn1xAShVDV9hdXRoX3Vz\nZXJfaWRLAVUKc3RhcnRfdGltZVgIAAAAMTE6MDA6MDBVEl9hdXRoX3VzZXJfYmFja2VuZFUpZGph\nbmdvLmNvbnRyaWIuYXV0aC5iYWNrZW5kcy5Nb2RlbEJhY2tlbmRVCGVuZF90aW1lWAgAAAAxMjow\nMDowMFUEZGF0ZWNkYXRldGltZQpkYXRlCnECVQQH3QIBhVJxA1UGcG9kX2lkWAEAAAAzdS4=\n"}}, {"pk": "97251432502371dd9b3b159143e8a298", "model": "sessions.session", "fields": {"expire_date": "2013-02-19T12:56:45.172Z", "session_data": "MGY1MTMzOTk5MTFmMDk0ZWYwNWRlZDZmNTRkM2E4MTA5ODIxMDZiNjqAAn1xAShVDV9hdXRoX3Vz\nZXJfaWRLAVUKc3RhcnRfdGltZVgIAAAAMTI6MDA6MDBVEl9hdXRoX3VzZXJfYmFja2VuZFUpZGph\nbmdvLmNvbnRyaWIuYXV0aC5iYWNrZW5kcy5Nb2RlbEJhY2tlbmRVCGVuZF90aW1lWAgAAAAxMzow\nMDowMFUEZGF0ZWNkYXRldGltZQpkYXRlCnECVQQH3QIFhVJxA1UGcG9kX2lkcQRYAQAAADJ1Lg==\n"}}, {"pk": "d2b52eb383ca18f403ec4d8774a365f5", "model": "sessions.session", "fields": {"expire_date": "2013-02-19T15:44:24.086Z", "session_data": "NzhmM2JjMWVkMjA3NGY5YTI1NDY5MzZkMDYzY2FjNDFiYjU5ZWJhZTqAAn1xAShVDV9hdXRoX3Vz\nZXJfaWRLAVUKc3RhcnRfdGltZVgIAAAAMTY6MDA6MDBVEl9hdXRoX3VzZXJfYmFja2VuZFUpZGph\nbmdvLmNvbnRyaWIuYXV0aC5iYWNrZW5kcy5Nb2RlbEJhY2tlbmRVCGVuZF90aW1lWAgAAAAxNzow\nMDowMFUEZGF0ZWNkYXRldGltZQpkYXRlCnECVQQH3QIFhVJxA1UGcG9kX2lkWAEAAAAxdS4=\n"}}, {"pk": "43ef54262f6f070dbc2f1712e0ab5d6f", "model": "sessions.session", "fields": {"expire_date": "2013-02-25T16:00:49.978Z", "session_data": "OGNkZThkNWZkZWJiNmQzY2NhZTUxMzY2MGJiZGY5NjhiZTY2MTgyZjqAAn1xAShVDV9hdXRoX3Vz\nZXJfaWRLAVUKc3RhcnRfdGltZVgIAAAAMTY6MDA6MDBxAlUSX2F1dGhfdXNlcl9iYWNrZW5kVSlk\namFuZ28uY29udHJpYi5hdXRoLmJhY2tlbmRzLk1vZGVsQmFja2VuZFUIZW5kX3RpbWVYCAAAADE3\nOjAwOjAwcQNVBGRhdGVjZGF0ZXRpbWUKZGF0ZQpxBFUEB90CC4VScQVVBnBvZF9pZFgBAAAAMXUu\n"}}, {"pk": "126beb972e255354d764e004de6ad5e7", "model": "sessions.session", "fields": {"expire_date": "2013-03-07T15:51:13.173Z", "session_data": "YmMwYzdjOTJjMjNlZjVlYzYwMjg3MTkzNjYwNDUzY2FmZmZlNTljMzqAAn1xAShVDV9hdXRoX3Vz\nZXJfaWRLAVUKc3RhcnRfdGltZVgIAAAAMTU6MDA6MDBVEl9hdXRoX3VzZXJfYmFja2VuZFUpZGph\nbmdvLmNvbnRyaWIuYXV0aC5iYWNrZW5kcy5Nb2RlbEJhY2tlbmRVCGVuZF90aW1lWAgAAAAxODow\nMDowMFUEZGF0ZWNkYXRldGltZQpkYXRlCnECVQQH3QIVhVJxA1UGcG9kX2lkcQRYAQAAADF1Lg==\n"}}, {"pk": "58765b685065369aec1c010a5694daa6", "model": "sessions.session", "fields": {"expire_date": "2013-03-14T21:01:15.450Z", "session_data": "NDdmZmJiNGY3MDQ3ZmYwOTk3MjM0MDYyZWQ3ZDBhMDZmNDkxM2RmYzqAAn1xAShVEl9hdXRoX3Vz\nZXJfYmFja2VuZHECVSlkamFuZ28uY29udHJpYi5hdXRoLmJhY2tlbmRzLk1vZGVsQmFja2VuZHED\nVQ1fYXV0aF91c2VyX2lkcQRLAXUu\n"}}, {"pk": "ae3c2025ddb761c9c8636f66cbe1c1b2", "model": "sessions.session", "fields": {"expire_date": "2013-03-18T10:03:05.599Z", "session_data": "NTVlMWIyM2IxYTMyOWEzNTE1MTUxNjRkMDdkM2E5MmQwNzFkZmYwOTqAAn1xAShVDnN0YXJ0X2Rh\ndGV0aW1lY2RhdGV0aW1lCmRhdGV0aW1lCnECVQoH3QMECgAAAAAAhVJxA1UNX2F1dGhfdXNlcl9p\nZEsCVQZwb2RfaWRYAQAAADFVEl9hdXRoX3VzZXJfYmFja2VuZFUpZGphbmdvLmNvbnRyaWIuYXV0\naC5iYWNrZW5kcy5Nb2RlbEJhY2tlbmRVDGVuZF9kYXRldGltZWgCVQoH3QMEEgAAAAAAhVJxBHUu\n"}}, {"pk": "9d00a0f53fd062c76fcb944ed9c04467", "model": "sessions.session", "fields": {"expire_date": "2013-03-18T21:55:47.882Z", "session_data": "NDdmZmJiNGY3MDQ3ZmYwOTk3MjM0MDYyZWQ3ZDBhMDZmNDkxM2RmYzqAAn1xAShVEl9hdXRoX3Vz\nZXJfYmFja2VuZHECVSlkamFuZ28uY29udHJpYi5hdXRoLmJhY2tlbmRzLk1vZGVsQmFja2VuZHED\nVQ1fYXV0aF91c2VyX2lkcQRLAXUu\n"}}, {"pk": "bc5659a15aa9af5f263beb8e41362da0", "model": "sessions.session", "fields": {"expire_date": "2013-03-28T11:22:00.956Z", "session_data": "Mjk3MDRiZTllYzYyNDM5ZTUwYTk0OTUwNzI1Yzk5MmZhMDRiNjBlZTqAAn1xAShVDnN0YXJ0X2Rh\ndGV0aW1lY2RhdGV0aW1lCmRhdGV0aW1lCnECVQoH3QMOCgAAAAAAY3B5dHoKX3AKcQMoVQ1FdXJv\ncGUvTG9uZG9ucQRLAEsAVQNHTVRxBXRScQaGUnEHVQ1fYXV0aF91c2VyX2lkSwFVCnRlc3Rjb29r\naWVVBndvcmtlZFUSX2F1dGhfdXNlcl9iYWNrZW5kVSlkamFuZ28uY29udHJpYi5hdXRoLmJhY2tl\nbmRzLk1vZGVsQmFja2VuZFUMZW5kX2RhdGV0aW1laAJVCgfdAw4LAAAAAABoBoZScQhVBnBvZF9p\nZFgBAAAAMXUu\n"}}, {"pk": "e8034cab0aa6d51149e8e5da2777ca19", "model": "sessions.session", "fields": {"expire_date": "2013-04-18T14:41:52.367Z", "session_data": "NDdmZmJiNGY3MDQ3ZmYwOTk3MjM0MDYyZWQ3ZDBhMDZmNDkxM2RmYzqAAn1xAShVEl9hdXRoX3Vz\nZXJfYmFja2VuZHECVSlkamFuZ28uY29udHJpYi5hdXRoLmJhY2tlbmRzLk1vZGVsQmFja2VuZHED\nVQ1fYXV0aF91c2VyX2lkcQRLAXUu\n"}}, {"pk": "c63b19bc085f804bb23bcc0d7a09090d", "model": "sessions.session", "fields": {"expire_date": "2013-04-19T14:10:39.526Z", "session_data": "NDdmZmJiNGY3MDQ3ZmYwOTk3MjM0MDYyZWQ3ZDBhMDZmNDkxM2RmYzqAAn1xAShVEl9hdXRoX3Vz\nZXJfYmFja2VuZHECVSlkamFuZ28uY29udHJpYi5hdXRoLmJhY2tlbmRzLk1vZGVsQmFja2VuZHED\nVQ1fYXV0aF91c2VyX2lkcQRLAXUu\n"}}, {"pk": "87c9b1beff80c8f9e9d9c6e03496eaa2", "model": "sessions.session", "fields": {"expire_date": "2013-05-06T09:37:12.178Z", "session_data": "NDdmZmJiNGY3MDQ3ZmYwOTk3MjM0MDYyZWQ3ZDBhMDZmNDkxM2RmYzqAAn1xAShVEl9hdXRoX3Vz\nZXJfYmFja2VuZHECVSlkamFuZ28uY29udHJpYi5hdXRoLmJhY2tlbmRzLk1vZGVsQmFja2VuZHED\nVQ1fYXV0aF91c2VyX2lkcQRLAXUu\n"}}, {"pk": "b1e74458465037cf1ae7ac4ba8bc510a", "model": "sessions.session", "fields": {"expire_date": "2013-05-06T14:58:29.560Z", "session_data": "NDdmZmJiNGY3MDQ3ZmYwOTk3MjM0MDYyZWQ3ZDBhMDZmNDkxM2RmYzqAAn1xAShVEl9hdXRoX3Vz\nZXJfYmFja2VuZHECVSlkamFuZ28uY29udHJpYi5hdXRoLmJhY2tlbmRzLk1vZGVsQmFja2VuZHED\nVQ1fYXV0aF91c2VyX2lkcQRLAXUu\n"}}, {"pk": "9d1e61f77c3889be5a4f6ff86d0ba059", "model": "sessions.session", "fields": {"expire_date": "2013-05-06T14:58:55.490Z", "session_data": "NDdmZmJiNGY3MDQ3ZmYwOTk3MjM0MDYyZWQ3ZDBhMDZmNDkxM2RmYzqAAn1xAShVEl9hdXRoX3Vz\nZXJfYmFja2VuZHECVSlkamFuZ28uY29udHJpYi5hdXRoLmJhY2tlbmRzLk1vZGVsQmFja2VuZHED\nVQ1fYXV0aF91c2VyX2lkcQRLAXUu\n"}}, {"pk": "ebcd68ee58abfb88eca3022dfdb62fe9", "model": "sessions.session", "fields": {"expire_date": "2013-05-08T11:25:07.442Z", "session_data": "NDdmZmJiNGY3MDQ3ZmYwOTk3MjM0MDYyZWQ3ZDBhMDZmNDkxM2RmYzqAAn1xAShVEl9hdXRoX3Vz\nZXJfYmFja2VuZHECVSlkamFuZ28uY29udHJpYi5hdXRoLmJhY2tlbmRzLk1vZGVsQmFja2VuZHED\nVQ1fYXV0aF91c2VyX2lkcQRLAXUu\n"}}, {"pk": "684bf3b9cbd2fab015313926e65b18db", "model": "sessions.session", "fields": {"expire_date": "2013-05-08T15:03:54.995Z", "session_data": "ZmZiYjNhNTc3OWU3YmZlMGVmYjJlN2Q1ZjY4NTVkMDI0NDE5OTI2MDqAAn1xAShVEl9hdXRoX3Vz\nZXJfYmFja2VuZFUpZGphbmdvLmNvbnRyaWIuYXV0aC5iYWNrZW5kcy5Nb2RlbEJhY2tlbmRVDnN0\nYXJ0X2RhdGV0aW1lY2RhdGV0aW1lCmRhdGV0aW1lCnECVQoH3QQaDAAAAAAAY3B5dHoKX3AKcQMo\nVQ1FdXJvcGUvTG9uZG9ucQRNEA5NEA5VA0JTVHEFdFJxBoZScQdVBnBvZF9pZFgBAAAAMVUNX2F1\ndGhfdXNlcl9pZEsBVQxlbmRfZGF0ZXRpbWVoAlUKB90EGg0AAAAAAGgGhlJxCHUu\n"}}, {"pk": 1, "model": "sites.site", "fields": {"domain": "example.com", "name": "example.com"}}, {"pk": 4, "model": "ajax_app.devicetype", "fields": {"model": "2611", "ram": 64, "type": "RT"}}, {"pk": 5, "model": "ajax_app.devicetype", "fields": {"model": "2950", "ram": 64, "type": "SW"}}, {"pk": 2, "model": "ajax_app.devicetype", "fields": {"model": "3560", "ram": 128, "type": "SW"}}, {"pk": 18, "model": "ajax_app.connection", "fields": {"ipv4": "10.51.19.133", "port": 2210}}, {"pk": 20, "model": "ajax_app.connection", "fields": {"ipv4": "10.51.19.133", "port": 2211}}, {"pk": 22, "model": "ajax_app.connection", "fields": {"ipv4": "10.51.19.133", "port": 2212}}, {"pk": 24, "model": "ajax_app.connection", "fields": {"ipv4": "10.51.19.133", "port": 2213}}, {"pk": 3, "model": "ajax_app.connection", "fields": {"ipv4": "10.51.19.133", "port": 2269}}, {"pk": 4, "model": "ajax_app.connection", "fields": {"ipv4": "10.51.19.133", "port": 2271}}, {"pk": 6, "model": "ajax_app.connection", "fields": {"ipv4": "10.51.19.133", "port": 2280}}, {"pk": 8, "model": "ajax_app.connection", "fields": {"ipv4": "10.51.19.133", "port": 2281}}, {"pk": 10, "model": "ajax_app.connection", "fields": {"ipv4": "10.51.19.133", "port": 2282}}, {"pk": 12, "model": "ajax_app.connection", "fields": {"ipv4": "10.51.19.133", "port": 2283}}, {"pk": 14, "model": "ajax_app.connection", "fields": {"ipv4": "10.51.19.133", "port": 2284}}, {"pk": 16, "model": "ajax_app.connection", "fields": {"ipv4": "10.51.19.133", "port": 2285}}, {"pk": 2, "model": "ajax_app.connection", "fields": {"ipv4": "10.53.234.242", "port": 23}}, {"pk": 1, "model": "ajax_app.connection", "fields": {"ipv4": "10.53.234.243", "port": 23}}, {"pk": 5, "model": "ajax_app.connection", "fields": {"ipv4": "10.53.234.244", "port": 23}}, {"pk": 7, "model": "ajax_app.connection", "fields": {"ipv4": "10.53.234.245", "port": 23}}, {"pk": 9, "model": "ajax_app.connection", "fields": {"ipv4": "10.53.234.246", "port": 23}}, {"pk": 11, "model": "ajax_app.connection", "fields": {"ipv4": "10.53.234.247", "port": 23}}, {"pk": 13, "model": "ajax_app.connection", "fields": {"ipv4": "10.53.234.248", "port": 23}}, {"pk": 15, "model": "ajax_app.connection", "fields": {"ipv4": "10.53.234.249", "port": 23}}, {"pk": 17, "model": "ajax_app.connection", "fields": {"ipv4": "10.53.234.250", "port": 23}}, {"pk": 19, "model": "ajax_app.connection", "fields": {"ipv4": "10.53.234.251", "port": 23}}, {"pk": 21, "model": "ajax_app.connection", "fields": {"ipv4": "10.53.234.252", "port": 23}}, {"pk": 23, "model": "ajax_app.connection", "fields": {"ipv4": "10.53.234.253", "port": 23}}, {"pk": 4, "model": "ajax_app.location", "fields": {"rack": 16, "row": "M"}}, {"pk": 1, "model": "ajax_app.studytype", "fields": {"name": "CCNP", "description": "A mid-level Cisco qualifaction"}}, {"pk": 2, "model": "ajax_app.studytype", "fields": {"name": "CCIE", "description": "The top level Cisco qualification"}}, {"pk": 3, "model": "ajax_app.studytype", "fields": {"name": "CCNA", "description": "The low level Cisco qualifaction"}}, {"pk": 1, "model": "ajax_app.pod", "fields": {"description": "Pod 1", "study_types": [3]}}, {"pk": 2, "model": "ajax_app.pod", "fields": {"description": "Pod 2", "study_types": [1, 3]}}, {"pk": 3, "model": "ajax_app.pod", "fields": {"description": "Pod 3", "study_types": [1, 2, 3]}}, {"pk": 1, "model": "ajax_app.device", "fields": {"telnet": 2, "devicetype": 4, "location": 4, "date_created": "2013-04-22T19:39:10.483Z", "serial_number": "FATU39UGA", "serial": 3, "pod": 1, "ssh": null}}, {"pk": 2, "model": "ajax_app.device", "fields": {"telnet": 1, "devicetype": 5, "location": 4, "date_created": "2013-04-22T19:39:10.493Z", "serial_number": "FATU39UGB", "serial": 4, "pod": 1, "ssh": null}}, {"pk": 3, "model": "ajax_app.device", "fields": {"telnet": 5, "devicetype": 4, "location": 4, "date_created": "2013-04-22T19:45:27.125Z", "serial_number": "FATU39UGC", "serial": 6, "pod": 2, "ssh": null}}, {"pk": 4, "model": "ajax_app.device", "fields": {"telnet": 7, "devicetype": 4, "location": 4, "date_created": "2013-04-22T19:45:27.140Z", "serial_number": "FATU39UGD", "serial": 8, "pod": 2, "ssh": null}}, {"pk": 5, "model": "ajax_app.device", "fields": {"telnet": 9, "devicetype": 5, "location": 4, "date_created": "2013-04-22T19:45:27.150Z", "serial_number": "FATU39UGE", "serial": 10, "pod": 2, "ssh": null}}, {"pk": 6, "model": "ajax_app.device", "fields": {"telnet": 11, "devicetype": 5, "location": 4, "date_created": "2013-04-22T19:45:27.161Z", "serial_number": "FATU39UGF", "serial": 12, "pod": 2, "ssh": null}}, {"pk": 7, "model": "ajax_app.device", "fields": {"telnet": 13, "devicetype": 4, "location": 4, "date_created": "2013-04-22T19:49:20.622Z", "serial_number": "FATU39UGG", "serial": 14, "pod": 3, "ssh": null}}, {"pk": 8, "model": "ajax_app.device", "fields": {"telnet": 15, "devicetype": 4, "location": 4, "date_created": "2013-04-22T19:49:20.633Z", "serial_number": "FATU39UGH", "serial": 16, "pod": 3, "ssh": null}}, {"pk": 9, "model": "ajax_app.device", "fields": {"telnet": 17, "devicetype": 4, "location": 4, "date_created": "2013-04-22T19:49:20.643Z", "serial_number": "FATU39UGI", "serial": 18, "pod": 3, "ssh": null}}, {"pk": 10, "model": "ajax_app.device", "fields": {"telnet": 19, "devicetype": 2, "location": 4, "date_created": "2013-04-22T19:49:20.654Z", "serial_number": "FATU39UGJ", "serial": 20, "pod": 3, "ssh": null}}, {"pk": 11, "model": "ajax_app.device", "fields": {"telnet": 21, "devicetype": 2, "location": 4, "date_created": "2013-04-22T19:49:20.664Z", "serial_number": "FATU39UGK", "serial": 22, "pod": 3, "ssh": null}}, {"pk": 12, "model": "ajax_app.device", "fields": {"telnet": 23, "devicetype": 5, "location": 4, "date_created": "2013-04-22T19:49:20.674Z", "serial_number": "FATU39UGL", "serial": 24, "pod": 3, "ssh": null}}, {"pk": 1, "model": "ajax_app.configset", "fields": {"description": "Test Configuration Set", "study_type": 3, "create_datetime": "2013-04-22T19:58:21.554Z", "modify_datetime": "2013-04-22T19:58:21.554Z", "user": "tim", "blank": false, "pod": 3}}, {"pk": 5, "model": "ajax_app.configset", "fields": {"description": "saved configuration 1", "study_type": 3, "create_datetime": "2013-04-24T11:44:49.511Z", "modify_datetime": "2013-04-24T11:44:49.511Z", "user": "tim", "blank": false, "pod": 1}}, {"pk": 6, "model": "ajax_app.configset", "fields": {"description": "Test Hostname", "study_type": 3, "create_datetime": "2013-04-24T11:59:52.651Z", "modify_datetime": "2013-04-24T11:59:52.651Z", "user": "tim", "blank": false, "pod": 1}}, {"pk": 10, "model": "ajax_app.configset", "fields": {"description": "Blank CCNA", "study_type": 3, "create_datetime": "2013-04-24T13:59:41.478Z", "modify_datetime": "2013-04-24T13:59:41.478Z", "user": "tim", "blank": false, "pod": 2}}, {"pk": 11, "model": "ajax_app.configset", "fields": {"description": "Blank CCNP", "study_type": 1, "create_datetime": "2013-04-24T14:00:14.353Z", "modify_datetime": "2013-04-24T14:00:14.353Z", "user": "tim", "blank": false, "pod": 2}}, {"pk": 12, "model": "ajax_app.configset", "fields": {"description": "Blank CCNA", "study_type": 3, "create_datetime": "2013-04-24T14:00:34.193Z", "modify_datetime": "2013-04-24T14:00:34.193Z", "user": "tim", "blank": false, "pod": 1}}, {"pk": 13, "model": "ajax_app.configset", "fields": {"description": "Blank CCNA", "study_type": 3, "create_datetime": "2013-04-24T14:06:15.413Z", "modify_datetime": "2013-04-24T14:06:15.413Z", "user": "tim", "blank": false, "pod": 3}}, {"pk": 14, "model": "ajax_app.configset", "fields": {"description": "Blank CCNP", "study_type": 1, "create_datetime": "2013-04-24T14:06:47.942Z", "modify_datetime": "2013-04-24T14:06:47.942Z", "user": "tim", "blank": false, "pod": 3}}, {"pk": 15, "model": "ajax_app.configset", "fields": {"description": "Blank CCIE", "study_type": 2, "create_datetime": "2013-04-24T14:07:09.363Z", "modify_datetime": "2013-04-24T14:07:09.363Z", "user": "tim", "blank": false, "pod": 3}}, {"pk": 1, "model": "ajax_app.config", "fields": {"device": 8, "config_set": 1, "configuration": "#TEST CONFIG 1", "modify_datetime": "2013-04-22T19:58:31.845Z", "create_datetime": "2013-04-22T19:58:31.845Z"}}, {"pk": 2, "model": "ajax_app.config", "fields": {"device": 7, "config_set": 1, "configuration": "#TEST CONFIG", "modify_datetime": "2013-04-22T19:59:09.316Z", "create_datetime": "2013-04-22T19:59:02.571Z"}}, {"pk": 3, "model": "ajax_app.config", "fields": {"device": 9, "config_set": 1, "configuration": "#TEST CONFIG", "modify_datetime": "2013-04-22T19:59:21.169Z", "create_datetime": "2013-04-22T19:59:21.169Z"}}, {"pk": 4, "model": "ajax_app.config", "fields": {"device": 10, "config_set": 1, "configuration": "#CONFIG SET 1", "modify_datetime": "2013-04-22T19:59:34.339Z", "create_datetime": "2013-04-22T19:59:34.338Z"}}, {"pk": 5, "model": "ajax_app.config", "fields": {"device": 11, "config_set": 1, "configuration": "#TEST CONFIG 1", "modify_datetime": "2013-04-22T19:59:45.573Z", "create_datetime": "2013-04-22T19:59:45.573Z"}}, {"pk": 6, "model": "ajax_app.config", "fields": {"device": 12, "config_set": 1, "configuration": "#TEST CONFIG 1", "modify_datetime": "2013-04-22T19:59:54.328Z", "create_datetime": "2013-04-22T19:59:54.328Z"}}, {"pk": 25, "model": "ajax_app.config", "fields": {"device": 1, "config_set": 5, "configuration": "\n!\nversion 12.3\nservice timestamps debug datetime msec\nservice timestamps log datetime msec\nno service password-encryption\n!\nhostname saved-configuration-1\n!\nboot-start-marker\nboot-end-marker\n!\nenable secret 5 $1$f7fR$6M.4ikFRn0mAaemBgmPvs1\n!\nno aaa new-model\nip subnet-zero\nip cef\n!\n!\n!\nip vrf mgmt\n!\n!\n!\n!\n!\ninterface FastEthernet0/0\n ip address 10.53.234.242 255.255.255.240\n duplex auto\n speed auto\n!\ninterface FastEthernet0/1\n no ip address\n shutdown\n duplex auto\n speed auto\n!\nip http server\nip classless\nip route 0.0.0.0 0.0.0.0 10.53.234.241\n!\n!\nsnmp-server community community RW\nsnmp-server system-shutdown\nsnmp-server enable traps tty\n!\nline con 0\nline 33 64\nline aux 0\nline vty 0 4\n no login\n!\n!\n!\nend\n", "modify_datetime": "2013-04-24T11:44:51.302Z", "create_datetime": "2013-04-24T11:44:51.302Z"}}, {"pk": 26, "model": "ajax_app.config", "fields": {"device": 2, "config_set": 5, "configuration": "\n!\nversion 12.1\nno service pad\nservice timestamps debug uptime\nservice timestamps log uptime\nno service password-encryption\n!\nhostname P1-SW1\n!\nenable secret 5 $1$RZAR$lsh8OwcPb8Z8Zgh3rhbQX0\n!\nip subnet-zero\n!\nip ssh time-out 120\nip ssh authentication-retries 3\n!\n!\nspanning-tree mode rapid-pvst\nno spanning-tree optimize bpdu transmission\nspanning-tree extend system-id\n!\n!\n!\n!\ninterface FastEthernet0/1\n switchport access vlan 562\n switchport mode access\n!\ninterface FastEthernet0/2\n!\ninterface FastEthernet0/3\n!\ninterface FastEthernet0/4\n!\ninterface FastEthernet0/5\n!\ninterface FastEthernet0/6\n!\ninterface FastEthernet0/7\n!\ninterface FastEthernet0/8\n!\ninterface FastEthernet0/9\n!\ninterface FastEthernet0/10\n!\ninterface FastEthernet0/11\n!\ninterface FastEthernet0/12\n!\ninterface FastEthernet0/13\n!\ninterface FastEthernet0/14\n!\ninterface FastEthernet0/15\n!\ninterface FastEthernet0/16\n!\ninterface FastEthernet0/17\n!\ninterface FastEthernet0/18\n!\ninterface FastEthernet0/19\n!\ninterface FastEthernet0/20\n!\ninterface FastEthernet0/21\n!\ninterface FastEthernet0/22\n!\ninterface FastEthernet0/23\n!\ninterface FastEthernet0/24\n!\ninterface FastEthernet0/25\n!\ninterface FastEthernet0/26\n!\ninterface FastEthernet0/27\n!\ninterface FastEthernet0/28\n!\ninterface FastEthernet0/29\n!\ninterface FastEthernet0/30\n!\ninterface FastEthernet0/31\n!\ninterface FastEthernet0/32\n!\ninterface FastEthernet0/33\n!\ninterface FastEthernet0/34\n!\ninterface FastEthernet0/35\n!\ninterface FastEthernet0/36\n!\ninterface FastEthernet0/37\n!\ninterface FastEthernet0/38\n!\ninterface FastEthernet0/39\n!\ninterface FastEthernet0/40\n!\ninterface FastEthernet0/41\n!\ninterface FastEthernet0/42\n!\ninterface FastEthernet0/43\n!\ninterface FastEthernet0/44\n!\ninterface FastEthernet0/45\n!\ninterface FastEthernet0/46\n!\ninterface FastEthernet0/47\n!\ninterface FastEthernet0/48\n!\ninterface GigabitEthernet0/1\n!\ninterface GigabitEthernet0/2\n!\ninterface Vlan1\n no ip address\n no ip route-cache\n shutdown\n!\ninterface Vlan562\n ip address 10.53.234.243 255.255.255.240\n no ip route-cache\n!\nip http server\nsnmp-server community cisco RW\nsnmp-server community community RW\nsnmp-server system-shutdown\n!\nline con 0\nline vty 0 4\n no login\nline vty 5 15\n login\n!\n!\nend\n", "modify_datetime": "2013-04-24T11:44:58.323Z", "create_datetime": "2013-04-24T11:44:58.323Z"}}, {"pk": 27, "model": "ajax_app.config", "fields": {"device": 1, "config_set": 6, "configuration": "\n!\nversion 12.3\nservice timestamps debug datetime msec\nservice timestamps log datetime msec\nno service password-encryption\n!\nhostname Test-Hostname\n!\nboot-start-marker\nboot-end-marker\n!\nenable secret 5 $1$f7fR$6M.4ikFRn0mAaemBgmPvs1\n!\nno aaa new-model\nip subnet-zero\nip cef\n!\n!\n!\nip vrf mgmt\n!\n!\n!\n!\n!\ninterface FastEthernet0/0\n ip address 10.53.234.242 255.255.255.240\n duplex auto\n speed auto\n!\ninterface FastEthernet0/1\n no ip address\n shutdown\n duplex auto\n speed auto\n!\nip http server\nip classless\nip route 0.0.0.0 0.0.0.0 10.53.234.241\n!\n!\nsnmp-server community community RW\nsnmp-server system-shutdown\nsnmp-server enable traps tty\n!\nline con 0\nline 33 64\nline aux 0\nline vty 0 4\n no login\n!\n!\n!\nend\n", "modify_datetime": "2013-04-24T11:59:54.415Z", "create_datetime": "2013-04-24T11:59:54.415Z"}}, {"pk": 28, "model": "ajax_app.config", "fields": {"device": 2, "config_set": 6, "configuration": "\n!\nversion 12.1\nno service pad\nservice timestamps debug uptime\nservice timestamps log uptime\nno service password-encryption\n!\nhostname P1-SW1\n!\nenable secret 5 $1$RZAR$lsh8OwcPb8Z8Zgh3rhbQX0\n!\nip subnet-zero\n!\nip ssh time-out 120\nip ssh authentication-retries 3\n!\n!\nspanning-tree mode rapid-pvst\nno spanning-tree optimize bpdu transmission\nspanning-tree extend system-id\n!\n!\n!\n!\ninterface FastEthernet0/1\n switchport access vlan 562\n switchport mode access\n!\ninterface FastEthernet0/2\n!\ninterface FastEthernet0/3\n!\ninterface FastEthernet0/4\n!\ninterface FastEthernet0/5\n!\ninterface FastEthernet0/6\n!\ninterface FastEthernet0/7\n!\ninterface FastEthernet0/8\n!\ninterface FastEthernet0/9\n!\ninterface FastEthernet0/10\n!\ninterface FastEthernet0/11\n!\ninterface FastEthernet0/12\n!\ninterface FastEthernet0/13\n!\ninterface FastEthernet0/14\n!\ninterface FastEthernet0/15\n!\ninterface FastEthernet0/16\n!\ninterface FastEthernet0/17\n!\ninterface FastEthernet0/18\n!\ninterface FastEthernet0/19\n!\ninterface FastEthernet0/20\n!\ninterface FastEthernet0/21\n!\ninterface FastEthernet0/22\n!\ninterface FastEthernet0/23\n!\ninterface FastEthernet0/24\n!\ninterface FastEthernet0/25\n!\ninterface FastEthernet0/26\n!\ninterface FastEthernet0/27\n!\ninterface FastEthernet0/28\n!\ninterface FastEthernet0/29\n!\ninterface FastEthernet0/30\n!\ninterface FastEthernet0/31\n!\ninterface FastEthernet0/32\n!\ninterface FastEthernet0/33\n!\ninterface FastEthernet0/34\n!\ninterface FastEthernet0/35\n!\ninterface FastEthernet0/36\n!\ninterface FastEthernet0/37\n!\ninterface FastEthernet0/38\n!\ninterface FastEthernet0/39\n!\ninterface FastEthernet0/40\n!\ninterface FastEthernet0/41\n!\ninterface FastEthernet0/42\n!\ninterface FastEthernet0/43\n!\ninterface FastEthernet0/44\n!\ninterface FastEthernet0/45\n!\ninterface FastEthernet0/46\n!\ninterface FastEthernet0/47\n!\ninterface FastEthernet0/48\n!\ninterface GigabitEthernet0/1\n!\ninterface GigabitEthernet0/2\n!\ninterface Vlan1\n no ip address\n no ip route-cache\n shutdown\n!\ninterface Vlan562\n ip address 10.53.234.243 255.255.255.240\n no ip route-cache\n!\nip http server\nsnmp-server community cisco RW\nsnmp-server community community RW\nsnmp-server system-shutdown\n!\nline con 0\nline vty 0 4\n no login\nline vty 5 15\n login\n!\n!\nend\n", "modify_datetime": "2013-04-24T11:59:58.012Z", "create_datetime": "2013-04-24T11:59:58.012Z"}}, {"pk": 29, "model": "ajax_app.config", "fields": {"device": 3, "config_set": 10, "configuration": "\n!\nversion 12.3\nservice timestamps debug datetime msec\nservice timestamps log datetime msec\nno service password-encryption\n!\nhostname Router\n!\nboot-start-marker\nboot-end-marker\n!\nenable secret 5 $1$bf/E$pUsvuJwH3vObmNrdo5k/o0\n!\nno aaa new-model\nip subnet-zero\nip cef\n!\n!\n!\nip vrf mgmt\n!\n!\n!\n!\n!\ninterface FastEthernet0/0\n ip address 10.53.234.244 255.255.255.240\n duplex auto\n speed auto\n!\ninterface FastEthernet0/1\n no ip address\n shutdown\n duplex auto\n speed auto\n!\nip http server\nip classless\nip route 0.0.0.0 0.0.0.0 10.53.234.241\n!\n!\nsnmp-server community cisco RO\nsnmp-server community community RW\nsnmp-server system-shutdown\nsnmp-server enable traps tty\n!\nline con 0\nline aux 0\nline vty 0 4\n no login\n!\n!\n!\nend\n", "modify_datetime": "2013-04-24T13:59:43.394Z", "create_datetime": "2013-04-24T13:59:43.394Z"}}, {"pk": 30, "model": "ajax_app.config", "fields": {"device": 4, "config_set": 10, "configuration": "\n!\nversion 12.3\nservice timestamps debug datetime msec\nservice timestamps log datetime msec\nno service password-encryption\n!\nhostname Router\n!\nboot-start-marker\nboot-end-marker\n!\nenable secret 5 $1$/dPm$ZDq6otgK6xr3AcRnM15tJ.\n!\nno aaa new-model\nip subnet-zero\nip cef\n!\n!\n!\nip vrf mgmt\n!\n!\n!\n!\n!\ninterface FastEthernet0/0\n ip address 10.53.234.245 255.255.255.240\n duplex auto\n speed auto\n!\ninterface FastEthernet0/1\n no ip address\n shutdown\n duplex auto\n speed auto\n!\nip http server\nip classless\nip route 0.0.0.0 0.0.0.0 10.53.234.241\n!\n!\nsnmp-server community cisco RO\nsnmp-server community community RW\nsnmp-server system-shutdown\nsnmp-server enable traps tty\n!\nline con 0\nline aux 0\nline vty 0 4\n no login\n!\n!\n!\nend\n", "modify_datetime": "2013-04-24T13:59:45.081Z", "create_datetime": "2013-04-24T13:59:45.081Z"}}, {"pk": 31, "model": "ajax_app.config", "fields": {"device": 5, "config_set": 10, "configuration": "\n!\nversion 12.1\nno service pad\nservice timestamps debug uptime\nservice timestamps log uptime\nno service password-encryption\n!\nhostname Switch\n!\nenable secret 5 $1$vQKc$H6bElDVLbcTcUyUdBNJx2.\n!\nip subnet-zero\n!\nip ssh time-out 120\nip ssh authentication-retries 3\n!\n!\nspanning-tree mode rapid-pvst\nno spanning-tree optimize bpdu transmission\nspanning-tree extend system-id\n!\n!\n!\n!\ninterface FastEthernet0/1\n switchport access vlan 562\n switchport mode access\n!\ninterface FastEthernet0/2\n!\ninterface FastEthernet0/3\n!\ninterface FastEthernet0/4\n!\ninterface FastEthernet0/5\n!\ninterface FastEthernet0/6\n!\ninterface FastEthernet0/7\n!\ninterface FastEthernet0/8\n!\ninterface FastEthernet0/9\n!\ninterface FastEthernet0/10\n!\ninterface FastEthernet0/11\n!\ninterface FastEthernet0/12\n!\ninterface FastEthernet0/13\n!\ninterface FastEthernet0/14\n!\ninterface FastEthernet0/15\n!\ninterface FastEthernet0/16\n!\ninterface FastEthernet0/17\n!\ninterface FastEthernet0/18\n!\ninterface FastEthernet0/19\n!\ninterface FastEthernet0/20\n!\ninterface FastEthernet0/21\n!\ninterface FastEthernet0/22\n!\ninterface FastEthernet0/23\n!\ninterface FastEthernet0/24\n!\ninterface FastEthernet0/25\n!\ninterface FastEthernet0/26\n!\ninterface FastEthernet0/27\n!\ninterface FastEthernet0/28\n!\ninterface FastEthernet0/29\n!\ninterface FastEthernet0/30\n!\ninterface FastEthernet0/31\n!\ninterface FastEthernet0/32\n!\ninterface FastEthernet0/33\n!\ninterface FastEthernet0/34\n!\ninterface FastEthernet0/35\n!\ninterface FastEthernet0/36\n!\ninterface FastEthernet0/37\n!\ninterface FastEthernet0/38\n!\ninterface FastEthernet0/39\n!\ninterface FastEthernet0/40\n!\ninterface FastEthernet0/41\n!\ninterface FastEthernet0/42\n!\ninterface FastEthernet0/43\n!\ninterface FastEthernet0/44\n!\ninterface FastEthernet0/45\n!\ninterface FastEthernet0/46\n!\ninterface FastEthernet0/47\n!\ninterface FastEthernet0/48\n!\ninterface GigabitEthernet0/1\n!\ninterface GigabitEthernet0/2\n!\ninterface Vlan1\n no ip address\n no ip route-cache\n shutdown\n!\ninterface Vlan562\n ip address 10.53.234.246 255.255.255.240\n no ip route-cache\n!\nip http server\nsnmp-server community cisco RO\nsnmp-server community community RW\nsnmp-server system-shutdown\n!\nline con 0\nline vty 0 4\n no login\nline vty 5 15\n login\n!\n!\nend\n", "modify_datetime": "2013-04-24T13:59:51.961Z", "create_datetime": "2013-04-24T13:59:51.961Z"}}, {"pk": 32, "model": "ajax_app.config", "fields": {"device": 6, "config_set": 10, "configuration": "\n!\nversion 12.1\nno service pad\nservice timestamps debug uptime\nservice timestamps log uptime\nno service password-encryption\n!\nhostname Switch\n!\nenable secret 5 $1$m4Wm$nMPeEYc5RWmZx5L7qr3PT.\n!\nip subnet-zero\n!\nip ssh time-out 120\nip ssh authentication-retries 3\n!\nspanning-tree mode pvst\nno spanning-tree optimize bpdu transmission\nspanning-tree extend system-id\n!\n!\n!\n!\ninterface FastEthernet0/1\n switchport access vlan 562\n switchport mode access\n!\ninterface FastEthernet0/2\n!\ninterface FastEthernet0/3\n!\ninterface FastEthernet0/4\n!\ninterface FastEthernet0/5\n!\ninterface FastEthernet0/6\n!\ninterface FastEthernet0/7\n!\ninterface FastEthernet0/8\n!\ninterface FastEthernet0/9\n!\ninterface FastEthernet0/10\n!\ninterface FastEthernet0/11\n!\ninterface FastEthernet0/12\n!\ninterface FastEthernet0/13\n!\ninterface FastEthernet0/14\n!\ninterface FastEthernet0/15\n!\ninterface FastEthernet0/16\n!\ninterface FastEthernet0/17\n!\ninterface FastEthernet0/18\n!\ninterface FastEthernet0/19\n!\ninterface FastEthernet0/20\n!\ninterface FastEthernet0/21\n!\ninterface FastEthernet0/22\n!\ninterface FastEthernet0/23\n!\ninterface FastEthernet0/24\n!\ninterface FastEthernet0/25\n!\ninterface FastEthernet0/26\n!\ninterface FastEthernet0/27\n!\ninterface FastEthernet0/28\n!\ninterface FastEthernet0/29\n!\ninterface FastEthernet0/30\n!\ninterface FastEthernet0/31\n!\ninterface FastEthernet0/32\n!\ninterface FastEthernet0/33\n!\ninterface FastEthernet0/34\n!\ninterface FastEthernet0/35\n!\ninterface FastEthernet0/36\n!\ninterface FastEthernet0/37\n!\ninterface FastEthernet0/38\n!\ninterface FastEthernet0/39\n!\ninterface FastEthernet0/40\n!\ninterface FastEthernet0/41\n!\ninterface FastEthernet0/42\n!\ninterface FastEthernet0/43\n!\ninterface FastEthernet0/44\n!\ninterface FastEthernet0/45\n!\ninterface FastEthernet0/46\n!\ninterface FastEthernet0/47\n!\ninterface FastEthernet0/48\n!\ninterface GigabitEthernet0/1\n!\ninterface GigabitEthernet0/2\n!\ninterface Vlan1\n no ip address\n no ip route-cache\n shutdown\n!\ninterface Vlan562\n ip address 10.53.234.247 255.255.255.240\n no ip route-cache\n!\nip http server\nsnmp-server community cisco RO\nsnmp-server community community RW\nsnmp-server system-shutdown\n!\nline con 0\nline vty 0 4\n no login\nline vty 5 15\n login\n!\n!\nend\n", "modify_datetime": "2013-04-24T13:59:58.733Z", "create_datetime": "2013-04-24T13:59:58.733Z"}}, {"pk": 33, "model": "ajax_app.config", "fields": {"device": 3, "config_set": 11, "configuration": "\n!\nversion 12.3\nservice timestamps debug datetime msec\nservice timestamps log datetime msec\nno service password-encryption\n!\nhostname Router\n!\nboot-start-marker\nboot-end-marker\n!\nenable secret 5 $1$bf/E$pUsvuJwH3vObmNrdo5k/o0\n!\nno aaa new-model\nip subnet-zero\nip cef\n!\n!\n!\nip vrf mgmt\n!\n!\n!\n!\n!\ninterface FastEthernet0/0\n ip address 10.53.234.244 255.255.255.240\n duplex auto\n speed auto\n!\ninterface FastEthernet0/1\n no ip address\n shutdown\n duplex auto\n speed auto\n!\nip http server\nip classless\nip route 0.0.0.0 0.0.0.0 10.53.234.241\n!\n!\nsnmp-server community cisco RO\nsnmp-server community community RW\nsnmp-server system-shutdown\nsnmp-server enable traps tty\n!\nline con 0\nline aux 0\nline vty 0 4\n no login\n!\n!\n!\nend\n", "modify_datetime": "2013-04-24T14:00:15.640Z", "create_datetime": "2013-04-24T14:00:15.640Z"}}, {"pk": 34, "model": "ajax_app.config", "fields": {"device": 4, "config_set": 11, "configuration": "\n!\nversion 12.3\nservice timestamps debug datetime msec\nservice timestamps log datetime msec\nno service password-encryption\n!\nhostname Router\n!\nboot-start-marker\nboot-end-marker\n!\nenable secret 5 $1$/dPm$ZDq6otgK6xr3AcRnM15tJ.\n!\nno aaa new-model\nip subnet-zero\nip cef\n!\n!\n!\nip vrf mgmt\n!\n!\n!\n!\n!\ninterface FastEthernet0/0\n ip address 10.53.234.245 255.255.255.240\n duplex auto\n speed auto\n!\ninterface FastEthernet0/1\n no ip address\n shutdown\n duplex auto\n speed auto\n!\nip http server\nip classless\nip route 0.0.0.0 0.0.0.0 10.53.234.241\n!\n!\nsnmp-server community cisco RO\nsnmp-server community community RW\nsnmp-server system-shutdown\nsnmp-server enable traps tty\n!\nline con 0\nline aux 0\nline vty 0 4\n no login\n!\n!\n!\nend\n", "modify_datetime": "2013-04-24T14:00:16.939Z", "create_datetime": "2013-04-24T14:00:16.939Z"}}, {"pk": 35, "model": "ajax_app.config", "fields": {"device": 5, "config_set": 11, "configuration": "\n!\nversion 12.1\nno service pad\nservice timestamps debug uptime\nservice timestamps log uptime\nno service password-encryption\n!\nhostname Switch\n!\nenable secret 5 $1$vQKc$H6bElDVLbcTcUyUdBNJx2.\n!\nip subnet-zero\n!\nip ssh time-out 120\nip ssh authentication-retries 3\n!\n!\nspanning-tree mode rapid-pvst\nno spanning-tree optimize bpdu transmission\nspanning-tree extend system-id\n!\n!\n!\n!\ninterface FastEthernet0/1\n switchport access vlan 562\n switchport mode access\n!\ninterface FastEthernet0/2\n!\ninterface FastEthernet0/3\n!\ninterface FastEthernet0/4\n!\ninterface FastEthernet0/5\n!\ninterface FastEthernet0/6\n!\ninterface FastEthernet0/7\n!\ninterface FastEthernet0/8\n!\ninterface FastEthernet0/9\n!\ninterface FastEthernet0/10\n!\ninterface FastEthernet0/11\n!\ninterface FastEthernet0/12\n!\ninterface FastEthernet0/13\n!\ninterface FastEthernet0/14\n!\ninterface FastEthernet0/15\n!\ninterface FastEthernet0/16\n!\ninterface FastEthernet0/17\n!\ninterface FastEthernet0/18\n!\ninterface FastEthernet0/19\n!\ninterface FastEthernet0/20\n!\ninterface FastEthernet0/21\n!\ninterface FastEthernet0/22\n!\ninterface FastEthernet0/23\n!\ninterface FastEthernet0/24\n!\ninterface FastEthernet0/25\n!\ninterface FastEthernet0/26\n!\ninterface FastEthernet0/27\n!\ninterface FastEthernet0/28\n!\ninterface FastEthernet0/29\n!\ninterface FastEthernet0/30\n!\ninterface FastEthernet0/31\n!\ninterface FastEthernet0/32\n!\ninterface FastEthernet0/33\n!\ninterface FastEthernet0/34\n!\ninterface FastEthernet0/35\n!\ninterface FastEthernet0/36\n!\ninterface FastEthernet0/37\n!\ninterface FastEthernet0/38\n!\ninterface FastEthernet0/39\n!\ninterface FastEthernet0/40\n!\ninterface FastEthernet0/41\n!\ninterface FastEthernet0/42\n!\ninterface FastEthernet0/43\n!\ninterface FastEthernet0/44\n!\ninterface FastEthernet0/45\n!\ninterface FastEthernet0/46\n!\ninterface FastEthernet0/47\n!\ninterface FastEthernet0/48\n!\ninterface GigabitEthernet0/1\n!\ninterface GigabitEthernet0/2\n!\ninterface Vlan1\n no ip address\n no ip route-cache\n shutdown\n!\ninterface Vlan562\n ip address 10.53.234.246 255.255.255.240\n no ip route-cache\n!\nip http server\nsnmp-server community cisco RO\nsnmp-server community community RW\nsnmp-server system-shutdown\n!\nline con 0\nline vty 0 4\n no login\nline vty 5 15\n login\n!\n!\nend\n", "modify_datetime": "2013-04-24T14:00:20.406Z", "create_datetime": "2013-04-24T14:00:20.406Z"}}, {"pk": 36, "model": "ajax_app.config", "fields": {"device": 6, "config_set": 11, "configuration": "\n!\nversion 12.1\nno service pad\nservice timestamps debug uptime\nservice timestamps log uptime\nno service password-encryption\n!\nhostname Switch\n!\nenable secret 5 $1$m4Wm$nMPeEYc5RWmZx5L7qr3PT.\n!\nip subnet-zero\n!\nip ssh time-out 120\nip ssh authentication-retries 3\n!\nspanning-tree mode pvst\nno spanning-tree optimize bpdu transmission\nspanning-tree extend system-id\n!\n!\n!\n!\ninterface FastEthernet0/1\n switchport access vlan 562\n switchport mode access\n!\ninterface FastEthernet0/2\n!\ninterface FastEthernet0/3\n!\ninterface FastEthernet0/4\n!\ninterface FastEthernet0/5\n!\ninterface FastEthernet0/6\n!\ninterface FastEthernet0/7\n!\ninterface FastEthernet0/8\n!\ninterface FastEthernet0/9\n!\ninterface FastEthernet0/10\n!\ninterface FastEthernet0/11\n!\ninterface FastEthernet0/12\n!\ninterface FastEthernet0/13\n!\ninterface FastEthernet0/14\n!\ninterface FastEthernet0/15\n!\ninterface FastEthernet0/16\n!\ninterface FastEthernet0/17\n!\ninterface FastEthernet0/18\n!\ninterface FastEthernet0/19\n!\ninterface FastEthernet0/20\n!\ninterface FastEthernet0/21\n!\ninterface FastEthernet0/22\n!\ninterface FastEthernet0/23\n!\ninterface FastEthernet0/24\n!\ninterface FastEthernet0/25\n!\ninterface FastEthernet0/26\n!\ninterface FastEthernet0/27\n!\ninterface FastEthernet0/28\n!\ninterface FastEthernet0/29\n!\ninterface FastEthernet0/30\n!\ninterface FastEthernet0/31\n!\ninterface FastEthernet0/32\n!\ninterface FastEthernet0/33\n!\ninterface FastEthernet0/34\n!\ninterface FastEthernet0/35\n!\ninterface FastEthernet0/36\n!\ninterface FastEthernet0/37\n!\ninterface FastEthernet0/38\n!\ninterface FastEthernet0/39\n!\ninterface FastEthernet0/40\n!\ninterface FastEthernet0/41\n!\ninterface FastEthernet0/42\n!\ninterface FastEthernet0/43\n!\ninterface FastEthernet0/44\n!\ninterface FastEthernet0/45\n!\ninterface FastEthernet0/46\n!\ninterface FastEthernet0/47\n!\ninterface FastEthernet0/48\n!\ninterface GigabitEthernet0/1\n!\ninterface GigabitEthernet0/2\n!\ninterface Vlan1\n no ip address\n no ip route-cache\n shutdown\n!\ninterface Vlan562\n ip address 10.53.234.247 255.255.255.240\n no ip route-cache\n!\nip http server\nsnmp-server community cisco RO\nsnmp-server community community RW\nsnmp-server system-shutdown\n!\nline con 0\nline vty 0 4\n no login\nline vty 5 15\n login\n!\n!\nend\n", "modify_datetime": "2013-04-24T14:00:23.980Z", "create_datetime": "2013-04-24T14:00:23.980Z"}}, {"pk": 37, "model": "ajax_app.config", "fields": {"device": 1, "config_set": 12, "configuration": "\n!\nversion 12.3\nservice timestamps debug datetime msec\nservice timestamps log datetime msec\nno service password-encryption\n!\nhostname Test-Hostname\n!\nboot-start-marker\nboot-end-marker\n!\nenable secret 5 $1$f7fR$6M.4ikFRn0mAaemBgmPvs1\n!\nno aaa new-model\nip subnet-zero\nip cef\n!\n!\n!\nip vrf mgmt\n!\n!\n!\n!\n!\ninterface FastEthernet0/0\n ip address 10.53.234.242 255.255.255.240\n duplex auto\n speed auto\n!\ninterface FastEthernet0/1\n no ip address\n shutdown\n duplex auto\n speed auto\n!\nip http server\nip classless\nip route 0.0.0.0 0.0.0.0 10.53.234.241\n!\n!\nsnmp-server community community RW\nsnmp-server system-shutdown\nsnmp-server enable traps tty\n!\nline con 0\nline 33 64\nline aux 0\nline vty 0 4\n no login\n!\n!\n!\nend\n", "modify_datetime": "2013-04-24T14:00:35.617Z", "create_datetime": "2013-04-24T14:00:35.617Z"}}, {"pk": 38, "model": "ajax_app.config", "fields": {"device": 2, "config_set": 12, "configuration": "\n!\nversion 12.1\nno service pad\nservice timestamps debug uptime\nservice timestamps log uptime\nno service password-encryption\n!\nhostname P1-SW1\n!\nenable secret 5 $1$RZAR$lsh8OwcPb8Z8Zgh3rhbQX0\n!\nip subnet-zero\n!\nip ssh time-out 120\nip ssh authentication-retries 3\n!\n!\nspanning-tree mode rapid-pvst\nno spanning-tree optimize bpdu transmission\nspanning-tree extend system-id\n!\n!\n!\n!\ninterface FastEthernet0/1\n switchport access vlan 562\n switchport mode access\n!\ninterface FastEthernet0/2\n!\ninterface FastEthernet0/3\n!\ninterface FastEthernet0/4\n!\ninterface FastEthernet0/5\n!\ninterface FastEthernet0/6\n!\ninterface FastEthernet0/7\n!\ninterface FastEthernet0/8\n!\ninterface FastEthernet0/9\n!\ninterface FastEthernet0/10\n!\ninterface FastEthernet0/11\n!\ninterface FastEthernet0/12\n!\ninterface FastEthernet0/13\n!\ninterface FastEthernet0/14\n!\ninterface FastEthernet0/15\n!\ninterface FastEthernet0/16\n!\ninterface FastEthernet0/17\n!\ninterface FastEthernet0/18\n!\ninterface FastEthernet0/19\n!\ninterface FastEthernet0/20\n!\ninterface FastEthernet0/21\n!\ninterface FastEthernet0/22\n!\ninterface FastEthernet0/23\n!\ninterface FastEthernet0/24\n!\ninterface FastEthernet0/25\n!\ninterface FastEthernet0/26\n!\ninterface FastEthernet0/27\n!\ninterface FastEthernet0/28\n!\ninterface FastEthernet0/29\n!\ninterface FastEthernet0/30\n!\ninterface FastEthernet0/31\n!\ninterface FastEthernet0/32\n!\ninterface FastEthernet0/33\n!\ninterface FastEthernet0/34\n!\ninterface FastEthernet0/35\n!\ninterface FastEthernet0/36\n!\ninterface FastEthernet0/37\n!\ninterface FastEthernet0/38\n!\ninterface FastEthernet0/39\n!\ninterface FastEthernet0/40\n!\ninterface FastEthernet0/41\n!\ninterface FastEthernet0/42\n!\ninterface FastEthernet0/43\n!\ninterface FastEthernet0/44\n!\ninterface FastEthernet0/45\n!\ninterface FastEthernet0/46\n!\ninterface FastEthernet0/47\n!\ninterface FastEthernet0/48\n!\ninterface GigabitEthernet0/1\n!\ninterface GigabitEthernet0/2\n!\ninterface Vlan1\n no ip address\n no ip route-cache\n shutdown\n!\ninterface Vlan562\n ip address 10.53.234.243 255.255.255.240\n no ip route-cache\n!\nip http server\nsnmp-server community cisco RW\nsnmp-server community community RW\nsnmp-server system-shutdown\n!\nline con 0\nline vty 0 4\n no login\nline vty 5 15\n login\n!\n!\nend\n", "modify_datetime": "2013-04-24T14:00:39.204Z", "create_datetime": "2013-04-24T14:00:39.204Z"}}, {"pk": 39, "model": "ajax_app.config", "fields": {"device": 7, "config_set": 13, "configuration": "\n!\nversion 12.3\nservice timestamps debug datetime msec\nservice timestamps log datetime msec\nno service password-encryption\n!\nhostname Router\n!\nboot-start-marker\nboot-end-marker\n!\nenable secret 5 $1$LEa6$RxQTeyDsz/IhNB6sdSLbK1\n!\nno aaa new-model\nip subnet-zero\nip cef\n!\n!\n!\nip vrf mgmt\n!\n!\n!\n!\n!\n!\n!\n!\n!\n!\nno voice hpi capture buffer\nno voice hpi capture destination \n!\n!\n!\n!\n!\n!\ninterface FastEthernet0/0\n ip address 10.53.234.248 255.255.255.240\n duplex auto\n speed auto\n!\ninterface FastEthernet0/1\n no ip address\n shutdown\n duplex auto\n speed auto\n!\nip http server\nip classless\nip route 0.0.0.0 0.0.0.0 10.53.234.241\n!\n!\n!\nsnmp-server community community RW\nsnmp-server system-shutdown\nsnmp-server enable traps tty\n!\n!\n!\n!\n!\n!\nline con 0\nline aux 0\nline vty 0 4\n no login\n!\n!\n!\nend\n", "modify_datetime": "2013-04-24T14:06:18.619Z", "create_datetime": "2013-04-24T14:06:18.619Z"}}, {"pk": 40, "model": "ajax_app.config", "fields": {"device": 8, "config_set": 13, "configuration": "\n!\nversion 12.3\nservice timestamps debug datetime msec\nservice timestamps log datetime msec\nno service password-encryption\n!\nhostname Router\n!\nboot-start-marker\nboot-end-marker\n!\nenable secret 5 $1$ELaE$iVvXwNBoqOsF2Glx3KGdC.\n!\nno aaa new-model\nip subnet-zero\nip cef\n!\n!\n!\nip vrf mgmt\n!\n!\n!\n!\n!\ninterface FastEthernet0/0\n ip address 10.53.234.249 255.255.255.240\n duplex auto\n speed auto\n!\ninterface FastEthernet0/1\n no ip address\n shutdown\n duplex auto\n speed auto\n!\nip http server\nip classless\nip route 0.0.0.0 0.0.0.0 10.53.234.241\n!\n!\nsnmp-server community community RW\nsnmp-server system-shutdown\nsnmp-server enable traps tty\n!\nline con 0\nline aux 0\nline vty 0 4\n no login\n!\n!\n!\nend\n", "modify_datetime": "2013-04-24T14:06:20.406Z", "create_datetime": "2013-04-24T14:06:20.406Z"}}, {"pk": 41, "model": "ajax_app.config", "fields": {"device": 9, "config_set": 13, "configuration": "\n!\nversion 12.3\nservice timestamps debug datetime msec\nservice timestamps log datetime msec\nno service password-encryption\n!\nhostname Router\n!\nboot-start-marker\nboot-end-marker\n!\nenable secret 5 $1$vomp$IHcivlX1hx5nI9K4d3taJ.\n!\nno aaa new-model\nip subnet-zero\nip cef\n!\n!\n!\nip vrf mgmt\n!\n!\n!\n!\n!\n!\n!\n!\n!\n!\nno voice hpi capture buffer\nno voice hpi capture destination \n!\n!\n!\n!\n!\n!\ninterface FastEthernet0/0\n ip address 10.53.234.250 255.255.255.240\n duplex auto\n speed auto\n!\ninterface FastEthernet0/1\n no ip address\n shutdown\n duplex auto\n speed auto\n!\nip http server\nip classless\nip route 0.0.0.0 0.0.0.0 10.53.234.241\n!\n!\n!\nsnmp-server community community RW\nsnmp-server system-shutdown\nsnmp-server enable traps tty\n!\n!\n!\n!\n!\n!\nline con 0\nline aux 0\nline vty 0 4\n no login\n!\n!\n!\nend\n", "modify_datetime": "2013-04-24T14:06:23.591Z", "create_datetime": "2013-04-24T14:06:23.591Z"}}, {"pk": 42, "model": "ajax_app.config", "fields": {"device": 10, "config_set": 13, "configuration": "\n!\nversion 12.2\nno service pad\nservice timestamps debug datetime msec\nservice timestamps log datetime msec\nno service password-encryption\n!\nhostname Switch\n!\nboot-start-marker\nboot-end-marker\n!\nenable secret 5 $1$liOS$Zr5NmRuOMoezk.TgEQgUa/\n!\n!\n!\nno aaa new-model\nsystem mtu routing 1500\n!\n!\n!\n!\ncrypto pki trustpoint TP-self-signed-3843759232\n enrollment selfsigned\n subject-name cn=IOS-Self-Signed-Certificate-3843759232\n revocation-check none\n rsakeypair TP-self-signed-3843759232\n!\n!\ncrypto pki certificate chain TP-self-signed-3843759232\n certificate self-signed 01\n  3082023F 308201A8 A0030201 02020101 300D0609 2A864886 F70D0101 04050030 \n  31312F30 2D060355 04031326 494F532D 53656C66 2D536967 6E65642D 43657274 \n  69666963 6174652D 33383433 37353932 3332301E 170D3933 30333031 30303030 \n  35375A17 0D323030 31303130 30303030 305A3031 312F302D 06035504 03132649 \n  4F532D53 656C662D 5369676E 65642D43 65727469 66696361 74652D33 38343337 \n  35393233 3230819F 300D0609 2A864886 F70D0101 01050003 818D0030 81890281 \n  8100C6BB 88AE210E DCB6BC62 CDC990AA 37DDAC5D 456E155B 7F80CA9F 955A51AA \n  5D3B592B 5B420FF8 A06AC4CA 81DB10A5 CCB73A6C 9DFB9527 7BF57EC3 3EA99AB1 \n  D885BE20 2DD7880B A1AF80C9 C8E767E9 BDBF53D6 D52F479D 3ADD3445 82DA4002 \n  7F4679D7 A07731B0 D3B47B39 A36AC5EF CC5525F9 DD392461 BB007F30 7CCD40B1 \n  32CB0203 010001A3 67306530 0F060355 1D130101 FF040530 030101FF 30120603 \n  551D1104 0B300982 07537769 7463682E 301F0603 551D2304 18301680 14C9277B \n  455EE7B9 5D4E7CD6 74FFC5E0 68148C0E 22301D06 03551D0E 04160414 C9277B45 \n  5EE7B95D 4E7CD674 FFC5E068 148C0E22 300D0609 2A864886 F70D0101 04050003 \n  818100B8 96CF6205 4B598DB9 B8AF7195 43CEFA11 429E376E 95F4364F F7963369 \n  7E65D392 3231E095 813958A8 683AF85B B1BC3049 16DF084A B954F391 AC73AFFB \n  11550BFA 8CBB2C92 D251C2C8 F8CE637E EA913188 AF20FE4C 0DE0E9DB 8FE3CEEC \n  7B22E335 917567ED B52E9DBD A8F2B07F 8A041C59 C358F336 639CF6CD D1A2D6FF 928352\n  quit\n!\n!\n!\n!\nspanning-tree mode rapid-pvst\nspanning-tree extend system-id\n!\nvlan internal allocation policy ascending\n!\n!\n!\ninterface FastEthernet0/1\n switchport access vlan 562\n switchport mode access\n!\ninterface FastEthernet0/2\n!\ninterface FastEthernet0/3\n!\ninterface FastEthernet0/4\n!\ninterface FastEthernet0/5\n!\ninterface FastEthernet0/6\n!\ninterface FastEthernet0/7\n!\ninterface FastEthernet0/8\n!\ninterface FastEthernet0/9\n!\ninterface FastEthernet0/10\n!\ninterface FastEthernet0/11\n!\ninterface FastEthernet0/12\n!\ninterface FastEthernet0/13\n!\ninterface FastEthernet0/14\n!\ninterface FastEthernet0/15\n!\ninterface FastEthernet0/16\n!\ninterface FastEthernet0/17\n!\ninterface FastEthernet0/18\n!\ninterface FastEthernet0/19\n!\ninterface FastEthernet0/20\n!\ninterface FastEthernet0/21\n!\ninterface FastEthernet0/22\n!\ninterface FastEthernet0/23\n!\ninterface FastEthernet0/24\n!\ninterface GigabitEthernet0/1\n!\ninterface GigabitEthernet0/2\n!\ninterface Vlan1\n no ip address\n shutdown\n!\ninterface Vlan562\n ip address 10.53.234.251 255.255.255.240\n!\nip classless\nip route 0.0.0.0 0.0.0.0 10.53.234.241\nip http server\nip http secure-server\n!\nsnmp-server community community RW\nsnmp-server system-shutdown\n!\n!\nline con 0\nline vty 0 4\n no login\nline vty 5 15\n login\n!\nend\n", "modify_datetime": "2013-04-24T14:06:27.305Z", "create_datetime": "2013-04-24T14:06:27.305Z"}}, {"pk": 43, "model": "ajax_app.config", "fields": {"device": 11, "config_set": 13, "configuration": "\n!\nversion 12.2\nno service pad\nservice timestamps debug datetime msec\nservice timestamps log datetime msec\nno service password-encryption\n!\nhostname Switch\n!\nboot-start-marker\nboot-end-marker\n!\nenable secret 5 $1$gjNU$MVB9ExSPR4iXGo0U7ko6g/\n!\n!\n!\nno aaa new-model\nsystem mtu routing 1504\n!\n!\n!\n!\ncrypto pki trustpoint TP-self-signed-2718560640\n enrollment selfsigned\n subject-name cn=IOS-Self-Signed-Certificate-2718560640\n revocation-check none\n rsakeypair TP-self-signed-2718560640\n!\n!\ncrypto pki certificate chain TP-self-signed-2718560640\n certificate self-signed 01\n  3082023F 308201A8 A0030201 02020101 300D0609 2A864886 F70D0101 04050030 \n  31312F30 2D060355 04031326 494F532D 53656C66 2D536967 6E65642D 43657274 \n  69666963 6174652D 32373138 35363036 3430301E 170D3933 30333031 30303031 \n  30355A17 0D323030 31303130 30303030 305A3031 312F302D 06035504 03132649 \n  4F532D53 656C662D 5369676E 65642D43 65727469 66696361 74652D32 37313835 \n  36303634 3030819F 300D0609 2A864886 F70D0101 01050003 818D0030 81890281 \n  8100E97A A276D6B8 D32AA6AF 992C9D87 A6653909 63F98E5F E65B0663 3F4A9A2B \n  FE76FBEA CA6A58F5 FFB5E766 54C19282 3B67872F BD7AA0D4 B51C5F8B 44125FBB \n  B055C160 972D36EF 80861719 2C906107 546E172F A58DAC3D 89A72C2F 4DCA9B6D \n  3F9DBBFE 1B273AEA 5B4FA2F5 57C1C57D F2309831 07F54044 6A0936C1 8CC9CF04 \n  09C50203 010001A3 67306530 0F060355 1D130101 FF040530 030101FF 30120603 \n  551D1104 0B300982 07537769 7463682E 301F0603 551D2304 18301680 14157AA6 \n  C7A08479 17507E76 626E1BC3 3C64223D E4301D06 03551D0E 04160414 157AA6C7 \n  A0847917 507E7662 6E1BC33C 64223DE4 300D0609 2A864886 F70D0101 04050003 \n  818100E5 754B06C7 A69CC4CC 4ACFE8BF 250F4A13 1068AB52 0279A29A 77D1E83D \n  DC1CB7EA A7914294 5FD601F3 BD4B7D24 4947F7DE F402DC20 C34E8CB4 3F098434 \n  C10552DF 9F7A0A45 E4BC41CA 99CACBF4 D3DC2A5A 548147B7 5355AD8F AD7924E5 \n  C1FCE346 FA040934 4F02EED1 B4969035 9DE8D8E6 3045B918 67002666 8525C566 BCE848\n  quit\n!\n!\n!\n!\nspanning-tree mode rapid-pvst\nspanning-tree extend system-id\n!\nvlan internal allocation policy ascending\n!\n!\n!\ninterface FastEthernet0/1\n switchport access vlan 562\n switchport mode access\n!\ninterface FastEthernet0/2\n!\ninterface FastEthernet0/3\n!\ninterface FastEthernet0/4\n!\ninterface FastEthernet0/5\n!\ninterface FastEthernet0/6\n!\ninterface FastEthernet0/7\n!\ninterface FastEthernet0/8\n!\ninterface FastEthernet0/9\n!\ninterface FastEthernet0/10\n!\ninterface FastEthernet0/11\n!\ninterface FastEthernet0/12\n!\ninterface FastEthernet0/13\n!\ninterface FastEthernet0/14\n!\ninterface FastEthernet0/15\n!\ninterface FastEthernet0/16\n!\ninterface FastEthernet0/17\n!\ninterface FastEthernet0/18\n!\ninterface FastEthernet0/19\n!\ninterface FastEthernet0/20\n!\ninterface FastEthernet0/21\n!\ninterface FastEthernet0/22\n!\ninterface FastEthernet0/23\n!\ninterface FastEthernet0/24\n!\ninterface GigabitEthernet0/1\n!\ninterface GigabitEthernet0/2\n!\ninterface Vlan1\n no ip address\n!\ninterface Vlan562\n ip address 10.53.234.252 255.255.255.240\n!\nip classless\nip route 0.0.0.0 0.0.0.0 10.53.234.241\nip http server\nip http secure-server\n!\nsnmp-server community community RW\nsnmp-server system-shutdown\n!\n!\nline con 0\nline vty 0 4\n no login\nline vty 5 15\n login\n!\nend\n", "modify_datetime": "2013-04-24T14:06:30.980Z", "create_datetime": "2013-04-24T14:06:30.980Z"}}, {"pk": 44, "model": "ajax_app.config", "fields": {"device": 12, "config_set": 13, "configuration": "\n!\nversion 12.1\nno service pad\nservice timestamps debug uptime\nservice timestamps log uptime\nno service password-encryption\n!\nhostname Switch\n!\nenable secret 5 $1$a161$pK0XRKowuOHIbOUJBOfPV.\nenable password cisco\n!\nip subnet-zero\n!\nip ssh time-out 120\nip ssh authentication-retries 3\n!\n!\nspanning-tree mode rapid-pvst\nno spanning-tree optimize bpdu transmission\nspanning-tree extend system-id\n!\n!\n!\n!\ninterface FastEthernet0/1\n switchport access vlan 562\n switchport mode access\n!\ninterface FastEthernet0/2\n!\ninterface FastEthernet0/3\n!\ninterface FastEthernet0/4\n!\ninterface FastEthernet0/5\n!\ninterface FastEthernet0/6\n!\ninterface FastEthernet0/7\n!\ninterface FastEthernet0/8\n!\ninterface FastEthernet0/9\n!\ninterface FastEthernet0/10\n!\ninterface FastEthernet0/11\n!\ninterface FastEthernet0/12\n switchport access vlan 562\n switchport mode access\n!\ninterface FastEthernet0/13\n!\ninterface FastEthernet0/14\n!\ninterface FastEthernet0/15\n!\ninterface FastEthernet0/16\n!\ninterface FastEthernet0/17\n!\ninterface FastEthernet0/18\n!\ninterface FastEthernet0/19\n!\ninterface FastEthernet0/20\n!\ninterface FastEthernet0/21\n!\ninterface FastEthernet0/22\n!\ninterface FastEthernet0/23\n!\ninterface FastEthernet0/24\n!\ninterface FastEthernet0/25\n!\ninterface FastEthernet0/26\n!\ninterface FastEthernet0/27\n!\ninterface FastEthernet0/28\n!\ninterface FastEthernet0/29\n!\ninterface FastEthernet0/30\n!\ninterface FastEthernet0/31\n!\ninterface FastEthernet0/32\n!\ninterface FastEthernet0/33\n!\ninterface FastEthernet0/34\n!\ninterface FastEthernet0/35\n!\ninterface FastEthernet0/36\n!\ninterface FastEthernet0/37\n!\ninterface FastEthernet0/38\n!\ninterface FastEthernet0/39\n!\ninterface FastEthernet0/40\n!\ninterface FastEthernet0/41\n!\ninterface FastEthernet0/42\n!\ninterface FastEthernet0/43\n!\ninterface FastEthernet0/44\n!\ninterface FastEthernet0/45\n!\ninterface FastEthernet0/46\n!\ninterface FastEthernet0/47\n!\ninterface FastEthernet0/48\n!\ninterface GigabitEthernet0/1\n!\ninterface GigabitEthernet0/2\n!\ninterface Vlan1\n no ip address\n no ip route-cache\n shutdown\n!\ninterface Vlan562\n ip address 10.53.234.253 255.255.255.240\n no ip route-cache\n!\nip http server\nsnmp-server community community RW\nsnmp-server system-shutdown\n!\nline con 0\nline vty 0 4\n password cisco\n no login\nline vty 5\n password cisco\n login\nline vty 6 15\n login\n!\n!\nend\n", "modify_datetime": "2013-04-24T14:06:37.867Z", "create_datetime": "2013-04-24T14:06:37.867Z"}}, {"pk": 45, "model": "ajax_app.config", "fields": {"device": 7, "config_set": 14, "configuration": "\n!\nversion 12.3\nservice timestamps debug datetime msec\nservice timestamps log datetime msec\nno service password-encryption\n!\nhostname Router\n!\nboot-start-marker\nboot-end-marker\n!\nenable secret 5 $1$LEa6$RxQTeyDsz/IhNB6sdSLbK1\n!\nno aaa new-model\nip subnet-zero\nip cef\n!\n!\n!\nip vrf mgmt\n!\n!\n!\n!\n!\n!\n!\n!\n!\n!\nno voice hpi capture buffer\nno voice hpi capture destination \n!\n!\n!\n!\n!\n!\ninterface FastEthernet0/0\n ip address 10.53.234.248 255.255.255.240\n duplex auto\n speed auto\n!\ninterface FastEthernet0/1\n no ip address\n shutdown\n duplex auto\n speed auto\n!\nip http server\nip classless\nip route 0.0.0.0 0.0.0.0 10.53.234.241\n!\n!\n!\nsnmp-server community community RW\nsnmp-server system-shutdown\nsnmp-server enable traps tty\n!\n!\n!\n!\n!\n!\nline con 0\nline aux 0\nline vty 0 4\n no login\n!\n!\n!\nend\n", "modify_datetime": "2013-04-24T14:06:49.990Z", "create_datetime": "2013-04-24T14:06:49.990Z"}}, {"pk": 46, "model": "ajax_app.config", "fields": {"device": 8, "config_set": 14, "configuration": "\n!\nversion 12.3\nservice timestamps debug datetime msec\nservice timestamps log datetime msec\nno service password-encryption\n!\nhostname Router\n!\nboot-start-marker\nboot-end-marker\n!\nenable secret 5 $1$ELaE$iVvXwNBoqOsF2Glx3KGdC.\n!\nno aaa new-model\nip subnet-zero\nip cef\n!\n!\n!\nip vrf mgmt\n!\n!\n!\n!\n!\ninterface FastEthernet0/0\n ip address 10.53.234.249 255.255.255.240\n duplex auto\n speed auto\n!\ninterface FastEthernet0/1\n no ip address\n shutdown\n duplex auto\n speed auto\n!\nip http server\nip classless\nip route 0.0.0.0 0.0.0.0 10.53.234.241\n!\n!\nsnmp-server community community RW\nsnmp-server system-shutdown\nsnmp-server enable traps tty\n!\nline con 0\nline aux 0\nline vty 0 4\n no login\n!\n!\n!\nend\n", "modify_datetime": "2013-04-24T14:06:51.312Z", "create_datetime": "2013-04-24T14:06:51.312Z"}}, {"pk": 47, "model": "ajax_app.config", "fields": {"device": 9, "config_set": 14, "configuration": "\n!\nversion 12.3\nservice timestamps debug datetime msec\nservice timestamps log datetime msec\nno service password-encryption\n!\nhostname Router\n!\nboot-start-marker\nboot-end-marker\n!\nenable secret 5 $1$vomp$IHcivlX1hx5nI9K4d3taJ.\n!\nno aaa new-model\nip subnet-zero\nip cef\n!\n!\n!\nip vrf mgmt\n!\n!\n!\n!\n!\n!\n!\n!\n!\n!\nno voice hpi capture buffer\nno voice hpi capture destination \n!\n!\n!\n!\n!\n!\ninterface FastEthernet0/0\n ip address 10.53.234.250 255.255.255.240\n duplex auto\n speed auto\n!\ninterface FastEthernet0/1\n no ip address\n shutdown\n duplex auto\n speed auto\n!\nip http server\nip classless\nip route 0.0.0.0 0.0.0.0 10.53.234.241\n!\n!\n!\nsnmp-server community community RW\nsnmp-server system-shutdown\nsnmp-server enable traps tty\n!\n!\n!\n!\n!\n!\nline con 0\nline aux 0\nline vty 0 4\n no login\n!\n!\n!\nend\n", "modify_datetime": "2013-04-24T14:06:53.299Z", "create_datetime": "2013-04-24T14:06:53.299Z"}}, {"pk": 48, "model": "ajax_app.config", "fields": {"device": 10, "config_set": 14, "configuration": "\n!\nversion 12.2\nno service pad\nservice timestamps debug datetime msec\nservice timestamps log datetime msec\nno service password-encryption\n!\nhostname Switch\n!\nboot-start-marker\nboot-end-marker\n!\nenable secret 5 $1$liOS$Zr5NmRuOMoezk.TgEQgUa/\n!\n!\n!\nno aaa new-model\nsystem mtu routing 1500\n!\n!\n!\n!\ncrypto pki trustpoint TP-self-signed-3843759232\n enrollment selfsigned\n subject-name cn=IOS-Self-Signed-Certificate-3843759232\n revocation-check none\n rsakeypair TP-self-signed-3843759232\n!\n!\ncrypto pki certificate chain TP-self-signed-3843759232\n certificate self-signed 01\n  3082023F 308201A8 A0030201 02020101 300D0609 2A864886 F70D0101 04050030 \n  31312F30 2D060355 04031326 494F532D 53656C66 2D536967 6E65642D 43657274 \n  69666963 6174652D 33383433 37353932 3332301E 170D3933 30333031 30303030 \n  35375A17 0D323030 31303130 30303030 305A3031 312F302D 06035504 03132649 \n  4F532D53 656C662D 5369676E 65642D43 65727469 66696361 74652D33 38343337 \n  35393233 3230819F 300D0609 2A864886 F70D0101 01050003 818D0030 81890281 \n  8100C6BB 88AE210E DCB6BC62 CDC990AA 37DDAC5D 456E155B 7F80CA9F 955A51AA \n  5D3B592B 5B420FF8 A06AC4CA 81DB10A5 CCB73A6C 9DFB9527 7BF57EC3 3EA99AB1 \n  D885BE20 2DD7880B A1AF80C9 C8E767E9 BDBF53D6 D52F479D 3ADD3445 82DA4002 \n  7F4679D7 A07731B0 D3B47B39 A36AC5EF CC5525F9 DD392461 BB007F30 7CCD40B1 \n  32CB0203 010001A3 67306530 0F060355 1D130101 FF040530 030101FF 30120603 \n  551D1104 0B300982 07537769 7463682E 301F0603 551D2304 18301680 14C9277B \n  455EE7B9 5D4E7CD6 74FFC5E0 68148C0E 22301D06 03551D0E 04160414 C9277B45 \n  5EE7B95D 4E7CD674 FFC5E068 148C0E22 300D0609 2A864886 F70D0101 04050003 \n  818100B8 96CF6205 4B598DB9 B8AF7195 43CEFA11 429E376E 95F4364F F7963369 \n  7E65D392 3231E095 813958A8 683AF85B B1BC3049 16DF084A B954F391 AC73AFFB \n  11550BFA 8CBB2C92 D251C2C8 F8CE637E EA913188 AF20FE4C 0DE0E9DB 8FE3CEEC \n  7B22E335 917567ED B52E9DBD A8F2B07F 8A041C59 C358F336 639CF6CD D1A2D6FF 928352\n  quit\n!\n!\n!\n!\nspanning-tree mode rapid-pvst\nspanning-tree extend system-id\n!\nvlan internal allocation policy ascending\n!\n!\n!\ninterface FastEthernet0/1\n switchport access vlan 562\n switchport mode access\n!\ninterface FastEthernet0/2\n!\ninterface FastEthernet0/3\n!\ninterface FastEthernet0/4\n!\ninterface FastEthernet0/5\n!\ninterface FastEthernet0/6\n!\ninterface FastEthernet0/7\n!\ninterface FastEthernet0/8\n!\ninterface FastEthernet0/9\n!\ninterface FastEthernet0/10\n!\ninterface FastEthernet0/11\n!\ninterface FastEthernet0/12\n!\ninterface FastEthernet0/13\n!\ninterface FastEthernet0/14\n!\ninterface FastEthernet0/15\n!\ninterface FastEthernet0/16\n!\ninterface FastEthernet0/17\n!\ninterface FastEthernet0/18\n!\ninterface FastEthernet0/19\n!\ninterface FastEthernet0/20\n!\ninterface FastEthernet0/21\n!\ninterface FastEthernet0/22\n!\ninterface FastEthernet0/23\n!\ninterface FastEthernet0/24\n!\ninterface GigabitEthernet0/1\n!\ninterface GigabitEthernet0/2\n!\ninterface Vlan1\n no ip address\n shutdown\n!\ninterface Vlan562\n ip address 10.53.234.251 255.255.255.240\n!\nip classless\nip route 0.0.0.0 0.0.0.0 10.53.234.241\nip http server\nip http secure-server\n!\nsnmp-server community community RW\nsnmp-server system-shutdown\n!\n!\nline con 0\nline vty 0 4\n no login\nline vty 5 15\n login\n!\nend\n", "modify_datetime": "2013-04-24T14:06:55.327Z", "create_datetime": "2013-04-24T14:06:55.327Z"}}, {"pk": 49, "model": "ajax_app.config", "fields": {"device": 11, "config_set": 14, "configuration": "\n!\nversion 12.2\nno service pad\nservice timestamps debug datetime msec\nservice timestamps log datetime msec\nno service password-encryption\n!\nhostname Switch\n!\nboot-start-marker\nboot-end-marker\n!\nenable secret 5 $1$gjNU$MVB9ExSPR4iXGo0U7ko6g/\n!\n!\n!\nno aaa new-model\nsystem mtu routing 1504\n!\n!\n!\n!\ncrypto pki trustpoint TP-self-signed-2718560640\n enrollment selfsigned\n subject-name cn=IOS-Self-Signed-Certificate-2718560640\n revocation-check none\n rsakeypair TP-self-signed-2718560640\n!\n!\ncrypto pki certificate chain TP-self-signed-2718560640\n certificate self-signed 01\n  3082023F 308201A8 A0030201 02020101 300D0609 2A864886 F70D0101 04050030 \n  31312F30 2D060355 04031326 494F532D 53656C66 2D536967 6E65642D 43657274 \n  69666963 6174652D 32373138 35363036 3430301E 170D3933 30333031 30303031 \n  30355A17 0D323030 31303130 30303030 305A3031 312F302D 06035504 03132649 \n  4F532D53 656C662D 5369676E 65642D43 65727469 66696361 74652D32 37313835 \n  36303634 3030819F 300D0609 2A864886 F70D0101 01050003 818D0030 81890281 \n  8100E97A A276D6B8 D32AA6AF 992C9D87 A6653909 63F98E5F E65B0663 3F4A9A2B \n  FE76FBEA CA6A58F5 FFB5E766 54C19282 3B67872F BD7AA0D4 B51C5F8B 44125FBB \n  B055C160 972D36EF 80861719 2C906107 546E172F A58DAC3D 89A72C2F 4DCA9B6D \n  3F9DBBFE 1B273AEA 5B4FA2F5 57C1C57D F2309831 07F54044 6A0936C1 8CC9CF04 \n  09C50203 010001A3 67306530 0F060355 1D130101 FF040530 030101FF 30120603 \n  551D1104 0B300982 07537769 7463682E 301F0603 551D2304 18301680 14157AA6 \n  C7A08479 17507E76 626E1BC3 3C64223D E4301D06 03551D0E 04160414 157AA6C7 \n  A0847917 507E7662 6E1BC33C 64223DE4 300D0609 2A864886 F70D0101 04050003 \n  818100E5 754B06C7 A69CC4CC 4ACFE8BF 250F4A13 1068AB52 0279A29A 77D1E83D \n  DC1CB7EA A7914294 5FD601F3 BD4B7D24 4947F7DE F402DC20 C34E8CB4 3F098434 \n  C10552DF 9F7A0A45 E4BC41CA 99CACBF4 D3DC2A5A 548147B7 5355AD8F AD7924E5 \n  C1FCE346 FA040934 4F02EED1 B4969035 9DE8D8E6 3045B918 67002666 8525C566 BCE848\n  quit\n!\n!\n!\n!\nspanning-tree mode rapid-pvst\nspanning-tree extend system-id\n!\nvlan internal allocation policy ascending\n!\n!\n!\ninterface FastEthernet0/1\n switchport access vlan 562\n switchport mode access\n!\ninterface FastEthernet0/2\n!\ninterface FastEthernet0/3\n!\ninterface FastEthernet0/4\n!\ninterface FastEthernet0/5\n!\ninterface FastEthernet0/6\n!\ninterface FastEthernet0/7\n!\ninterface FastEthernet0/8\n!\ninterface FastEthernet0/9\n!\ninterface FastEthernet0/10\n!\ninterface FastEthernet0/11\n!\ninterface FastEthernet0/12\n!\ninterface FastEthernet0/13\n!\ninterface FastEthernet0/14\n!\ninterface FastEthernet0/15\n!\ninterface FastEthernet0/16\n!\ninterface FastEthernet0/17\n!\ninterface FastEthernet0/18\n!\ninterface FastEthernet0/19\n!\ninterface FastEthernet0/20\n!\ninterface FastEthernet0/21\n!\ninterface FastEthernet0/22\n!\ninterface FastEthernet0/23\n!\ninterface FastEthernet0/24\n!\ninterface GigabitEthernet0/1\n!\ninterface GigabitEthernet0/2\n!\ninterface Vlan1\n no ip address\n!\ninterface Vlan562\n ip address 10.53.234.252 255.255.255.240\n!\nip classless\nip route 0.0.0.0 0.0.0.0 10.53.234.241\nip http server\nip http secure-server\n!\nsnmp-server community community RW\nsnmp-server system-shutdown\n!\n!\nline con 0\nline vty 0 4\n no login\nline vty 5 15\n login\n!\nend\n", "modify_datetime": "2013-04-24T14:06:57.115Z", "create_datetime": "2013-04-24T14:06:57.115Z"}}, {"pk": 50, "model": "ajax_app.config", "fields": {"device": 12, "config_set": 14, "configuration": "\n!\nversion 12.1\nno service pad\nservice timestamps debug uptime\nservice timestamps log uptime\nno service password-encryption\n!\nhostname Switch\n!\nenable secret 5 $1$a161$pK0XRKowuOHIbOUJBOfPV.\nenable password cisco\n!\nip subnet-zero\n!\nip ssh time-out 120\nip ssh authentication-retries 3\n!\n!\nspanning-tree mode rapid-pvst\nno spanning-tree optimize bpdu transmission\nspanning-tree extend system-id\n!\n!\n!\n!\ninterface FastEthernet0/1\n switchport access vlan 562\n switchport mode access\n!\ninterface FastEthernet0/2\n!\ninterface FastEthernet0/3\n!\ninterface FastEthernet0/4\n!\ninterface FastEthernet0/5\n!\ninterface FastEthernet0/6\n!\ninterface FastEthernet0/7\n!\ninterface FastEthernet0/8\n!\ninterface FastEthernet0/9\n!\ninterface FastEthernet0/10\n!\ninterface FastEthernet0/11\n!\ninterface FastEthernet0/12\n switchport access vlan 562\n switchport mode access\n!\ninterface FastEthernet0/13\n!\ninterface FastEthernet0/14\n!\ninterface FastEthernet0/15\n!\ninterface FastEthernet0/16\n!\ninterface FastEthernet0/17\n!\ninterface FastEthernet0/18\n!\ninterface FastEthernet0/19\n!\ninterface FastEthernet0/20\n!\ninterface FastEthernet0/21\n!\ninterface FastEthernet0/22\n!\ninterface FastEthernet0/23\n!\ninterface FastEthernet0/24\n!\ninterface FastEthernet0/25\n!\ninterface FastEthernet0/26\n!\ninterface FastEthernet0/27\n!\ninterface FastEthernet0/28\n!\ninterface FastEthernet0/29\n!\ninterface FastEthernet0/30\n!\ninterface FastEthernet0/31\n!\ninterface FastEthernet0/32\n!\ninterface FastEthernet0/33\n!\ninterface FastEthernet0/34\n!\ninterface FastEthernet0/35\n!\ninterface FastEthernet0/36\n!\ninterface FastEthernet0/37\n!\ninterface FastEthernet0/38\n!\ninterface FastEthernet0/39\n!\ninterface FastEthernet0/40\n!\ninterface FastEthernet0/41\n!\ninterface FastEthernet0/42\n!\ninterface FastEthernet0/43\n!\ninterface FastEthernet0/44\n!\ninterface FastEthernet0/45\n!\ninterface FastEthernet0/46\n!\ninterface FastEthernet0/47\n!\ninterface FastEthernet0/48\n!\ninterface GigabitEthernet0/1\n!\ninterface GigabitEthernet0/2\n!\ninterface Vlan1\n no ip address\n no ip route-cache\n shutdown\n!\ninterface Vlan562\n ip address 10.53.234.253 255.255.255.240\n no ip route-cache\n!\nip http server\nsnmp-server community community RW\nsnmp-server system-shutdown\n!\nline con 0\nline vty 0 4\n password cisco\n no login\nline vty 5\n password cisco\n login\nline vty 6 15\n login\n!\n!\nend\n", "modify_datetime": "2013-04-24T14:07:00.559Z", "create_datetime": "2013-04-24T14:07:00.559Z"}}, {"pk": 51, "model": "ajax_app.config", "fields": {"device": 7, "config_set": 15, "configuration": "\n!\nversion 12.3\nservice timestamps debug datetime msec\nservice timestamps log datetime msec\nno service password-encryption\n!\nhostname Router\n!\nboot-start-marker\nboot-end-marker\n!\nenable secret 5 $1$LEa6$RxQTeyDsz/IhNB6sdSLbK1\n!\nno aaa new-model\nip subnet-zero\nip cef\n!\n!\n!\nip vrf mgmt\n!\n!\n!\n!\n!\n!\n!\n!\n!\n!\nno voice hpi capture buffer\nno voice hpi capture destination \n!\n!\n!\n!\n!\n!\ninterface FastEthernet0/0\n ip address 10.53.234.248 255.255.255.240\n duplex auto\n speed auto\n!\ninterface FastEthernet0/1\n no ip address\n shutdown\n duplex auto\n speed auto\n!\nip http server\nip classless\nip route 0.0.0.0 0.0.0.0 10.53.234.241\n!\n!\n!\nsnmp-server community community RW\nsnmp-server system-shutdown\nsnmp-server enable traps tty\n!\n!\n!\n!\n!\n!\nline con 0\nline aux 0\nline vty 0 4\n no login\n!\n!\n!\nend\n", "modify_datetime": "2013-04-24T14:07:11.477Z", "create_datetime": "2013-04-24T14:07:11.477Z"}}, {"pk": 52, "model": "ajax_app.config", "fields": {"device": 8, "config_set": 15, "configuration": "\n!\nversion 12.3\nservice timestamps debug datetime msec\nservice timestamps log datetime msec\nno service password-encryption\n!\nhostname Router\n!\nboot-start-marker\nboot-end-marker\n!\nenable secret 5 $1$ELaE$iVvXwNBoqOsF2Glx3KGdC.\n!\nno aaa new-model\nip subnet-zero\nip cef\n!\n!\n!\nip vrf mgmt\n!\n!\n!\n!\n!\ninterface FastEthernet0/0\n ip address 10.53.234.249 255.255.255.240\n duplex auto\n speed auto\n!\ninterface FastEthernet0/1\n no ip address\n shutdown\n duplex auto\n speed auto\n!\nip http server\nip classless\nip route 0.0.0.0 0.0.0.0 10.53.234.241\n!\n!\nsnmp-server community community RW\nsnmp-server system-shutdown\nsnmp-server enable traps tty\n!\nline con 0\nline aux 0\nline vty 0 4\n no login\n!\n!\n!\nend\n", "modify_datetime": "2013-04-24T14:07:12.899Z", "create_datetime": "2013-04-24T14:07:12.899Z"}}, {"pk": 53, "model": "ajax_app.config", "fields": {"device": 9, "config_set": 15, "configuration": "\n!\nversion 12.3\nservice timestamps debug datetime msec\nservice timestamps log datetime msec\nno service password-encryption\n!\nhostname Router\n!\nboot-start-marker\nboot-end-marker\n!\nenable secret 5 $1$vomp$IHcivlX1hx5nI9K4d3taJ.\n!\nno aaa new-model\nip subnet-zero\nip cef\n!\n!\n!\nip vrf mgmt\n!\n!\n!\n!\n!\n!\n!\n!\n!\n!\nno voice hpi capture buffer\nno voice hpi capture destination \n!\n!\n!\n!\n!\n!\ninterface FastEthernet0/0\n ip address 10.53.234.250 255.255.255.240\n duplex auto\n speed auto\n!\ninterface FastEthernet0/1\n no ip address\n shutdown\n duplex auto\n speed auto\n!\nip http server\nip classless\nip route 0.0.0.0 0.0.0.0 10.53.234.241\n!\n!\n!\nsnmp-server community community RW\nsnmp-server system-shutdown\nsnmp-server enable traps tty\n!\n!\n!\n!\n!\n!\nline con 0\nline aux 0\nline vty 0 4\n no login\n!\n!\n!\nend\n", "modify_datetime": "2013-04-24T14:07:15.003Z", "create_datetime": "2013-04-24T14:07:15.003Z"}}, {"pk": 54, "model": "ajax_app.config", "fields": {"device": 10, "config_set": 15, "configuration": "\n!\nversion 12.2\nno service pad\nservice timestamps debug datetime msec\nservice timestamps log datetime msec\nno service password-encryption\n!\nhostname Switch\n!\nboot-start-marker\nboot-end-marker\n!\nenable secret 5 $1$liOS$Zr5NmRuOMoezk.TgEQgUa/\n!\n!\n!\nno aaa new-model\nsystem mtu routing 1500\n!\n!\n!\n!\ncrypto pki trustpoint TP-self-signed-3843759232\n enrollment selfsigned\n subject-name cn=IOS-Self-Signed-Certificate-3843759232\n revocation-check none\n rsakeypair TP-self-signed-3843759232\n!\n!\ncrypto pki certificate chain TP-self-signed-3843759232\n certificate self-signed 01\n  3082023F 308201A8 A0030201 02020101 300D0609 2A864886 F70D0101 04050030 \n  31312F30 2D060355 04031326 494F532D 53656C66 2D536967 6E65642D 43657274 \n  69666963 6174652D 33383433 37353932 3332301E 170D3933 30333031 30303030 \n  35375A17 0D323030 31303130 30303030 305A3031 312F302D 06035504 03132649 \n  4F532D53 656C662D 5369676E 65642D43 65727469 66696361 74652D33 38343337 \n  35393233 3230819F 300D0609 2A864886 F70D0101 01050003 818D0030 81890281 \n  8100C6BB 88AE210E DCB6BC62 CDC990AA 37DDAC5D 456E155B 7F80CA9F 955A51AA \n  5D3B592B 5B420FF8 A06AC4CA 81DB10A5 CCB73A6C 9DFB9527 7BF57EC3 3EA99AB1 \n  D885BE20 2DD7880B A1AF80C9 C8E767E9 BDBF53D6 D52F479D 3ADD3445 82DA4002 \n  7F4679D7 A07731B0 D3B47B39 A36AC5EF CC5525F9 DD392461 BB007F30 7CCD40B1 \n  32CB0203 010001A3 67306530 0F060355 1D130101 FF040530 030101FF 30120603 \n  551D1104 0B300982 07537769 7463682E 301F0603 551D2304 18301680 14C9277B \n  455EE7B9 5D4E7CD6 74FFC5E0 68148C0E 22301D06 03551D0E 04160414 C9277B45 \n  5EE7B95D 4E7CD674 FFC5E068 148C0E22 300D0609 2A864886 F70D0101 04050003 \n  818100B8 96CF6205 4B598DB9 B8AF7195 43CEFA11 429E376E 95F4364F F7963369 \n  7E65D392 3231E095 813958A8 683AF85B B1BC3049 16DF084A B954F391 AC73AFFB \n  11550BFA 8CBB2C92 D251C2C8 F8CE637E EA913188 AF20FE4C 0DE0E9DB 8FE3CEEC \n  7B22E335 917567ED B52E9DBD A8F2B07F 8A041C59 C358F336 639CF6CD D1A2D6FF 928352\n  quit\n!\n!\n!\n!\nspanning-tree mode rapid-pvst\nspanning-tree extend system-id\n!\nvlan internal allocation policy ascending\n!\n!\n!\ninterface FastEthernet0/1\n switchport access vlan 562\n switchport mode access\n!\ninterface FastEthernet0/2\n!\ninterface FastEthernet0/3\n!\ninterface FastEthernet0/4\n!\ninterface FastEthernet0/5\n!\ninterface FastEthernet0/6\n!\ninterface FastEthernet0/7\n!\ninterface FastEthernet0/8\n!\ninterface FastEthernet0/9\n!\ninterface FastEthernet0/10\n!\ninterface FastEthernet0/11\n!\ninterface FastEthernet0/12\n!\ninterface FastEthernet0/13\n!\ninterface FastEthernet0/14\n!\ninterface FastEthernet0/15\n!\ninterface FastEthernet0/16\n!\ninterface FastEthernet0/17\n!\ninterface FastEthernet0/18\n!\ninterface FastEthernet0/19\n!\ninterface FastEthernet0/20\n!\ninterface FastEthernet0/21\n!\ninterface FastEthernet0/22\n!\ninterface FastEthernet0/23\n!\ninterface FastEthernet0/24\n!\ninterface GigabitEthernet0/1\n!\ninterface GigabitEthernet0/2\n!\ninterface Vlan1\n no ip address\n shutdown\n!\ninterface Vlan562\n ip address 10.53.234.251 255.255.255.240\n!\nip classless\nip route 0.0.0.0 0.0.0.0 10.53.234.241\nip http server\nip http secure-server\n!\nsnmp-server community community RW\nsnmp-server system-shutdown\n!\n!\nline con 0\nline vty 0 4\n no login\nline vty 5 15\n login\n!\nend\n", "modify_datetime": "2013-04-24T14:07:16.978Z", "create_datetime": "2013-04-24T14:07:16.978Z"}}, {"pk": 55, "model": "ajax_app.config", "fields": {"device": 11, "config_set": 15, "configuration": "\n!\nversion 12.2\nno service pad\nservice timestamps debug datetime msec\nservice timestamps log datetime msec\nno service password-encryption\n!\nhostname Switch\n!\nboot-start-marker\nboot-end-marker\n!\nenable secret 5 $1$gjNU$MVB9ExSPR4iXGo0U7ko6g/\n!\n!\n!\nno aaa new-model\nsystem mtu routing 1504\n!\n!\n!\n!\ncrypto pki trustpoint TP-self-signed-2718560640\n enrollment selfsigned\n subject-name cn=IOS-Self-Signed-Certificate-2718560640\n revocation-check none\n rsakeypair TP-self-signed-2718560640\n!\n!\ncrypto pki certificate chain TP-self-signed-2718560640\n certificate self-signed 01\n  3082023F 308201A8 A0030201 02020101 300D0609 2A864886 F70D0101 04050030 \n  31312F30 2D060355 04031326 494F532D 53656C66 2D536967 6E65642D 43657274 \n  69666963 6174652D 32373138 35363036 3430301E 170D3933 30333031 30303031 \n  30355A17 0D323030 31303130 30303030 305A3031 312F302D 06035504 03132649 \n  4F532D53 656C662D 5369676E 65642D43 65727469 66696361 74652D32 37313835 \n  36303634 3030819F 300D0609 2A864886 F70D0101 01050003 818D0030 81890281 \n  8100E97A A276D6B8 D32AA6AF 992C9D87 A6653909 63F98E5F E65B0663 3F4A9A2B \n  FE76FBEA CA6A58F5 FFB5E766 54C19282 3B67872F BD7AA0D4 B51C5F8B 44125FBB \n  B055C160 972D36EF 80861719 2C906107 546E172F A58DAC3D 89A72C2F 4DCA9B6D \n  3F9DBBFE 1B273AEA 5B4FA2F5 57C1C57D F2309831 07F54044 6A0936C1 8CC9CF04 \n  09C50203 010001A3 67306530 0F060355 1D130101 FF040530 030101FF 30120603 \n  551D1104 0B300982 07537769 7463682E 301F0603 551D2304 18301680 14157AA6 \n  C7A08479 17507E76 626E1BC3 3C64223D E4301D06 03551D0E 04160414 157AA6C7 \n  A0847917 507E7662 6E1BC33C 64223DE4 300D0609 2A864886 F70D0101 04050003 \n  818100E5 754B06C7 A69CC4CC 4ACFE8BF 250F4A13 1068AB52 0279A29A 77D1E83D \n  DC1CB7EA A7914294 5FD601F3 BD4B7D24 4947F7DE F402DC20 C34E8CB4 3F098434 \n  C10552DF 9F7A0A45 E4BC41CA 99CACBF4 D3DC2A5A 548147B7 5355AD8F AD7924E5 \n  C1FCE346 FA040934 4F02EED1 B4969035 9DE8D8E6 3045B918 67002666 8525C566 BCE848\n  quit\n!\n!\n!\n!\nspanning-tree mode rapid-pvst\nspanning-tree extend system-id\n!\nvlan internal allocation policy ascending\n!\n!\n!\ninterface FastEthernet0/1\n switchport access vlan 562\n switchport mode access\n!\ninterface FastEthernet0/2\n!\ninterface FastEthernet0/3\n!\ninterface FastEthernet0/4\n!\ninterface FastEthernet0/5\n!\ninterface FastEthernet0/6\n!\ninterface FastEthernet0/7\n!\ninterface FastEthernet0/8\n!\ninterface FastEthernet0/9\n!\ninterface FastEthernet0/10\n!\ninterface FastEthernet0/11\n!\ninterface FastEthernet0/12\n!\ninterface FastEthernet0/13\n!\ninterface FastEthernet0/14\n!\ninterface FastEthernet0/15\n!\ninterface FastEthernet0/16\n!\ninterface FastEthernet0/17\n!\ninterface FastEthernet0/18\n!\ninterface FastEthernet0/19\n!\ninterface FastEthernet0/20\n!\ninterface FastEthernet0/21\n!\ninterface FastEthernet0/22\n!\ninterface FastEthernet0/23\n!\ninterface FastEthernet0/24\n!\ninterface GigabitEthernet0/1\n!\ninterface GigabitEthernet0/2\n!\ninterface Vlan1\n no ip address\n!\ninterface Vlan562\n ip address 10.53.234.252 255.255.255.240\n!\nip classless\nip route 0.0.0.0 0.0.0.0 10.53.234.241\nip http server\nip http secure-server\n!\nsnmp-server community community RW\nsnmp-server system-shutdown\n!\n!\nline con 0\nline vty 0 4\n no login\nline vty 5 15\n login\n!\nend\n", "modify_datetime": "2013-04-24T14:07:18.922Z", "create_datetime": "2013-04-24T14:07:18.922Z"}}, {"pk": 56, "model": "ajax_app.config", "fields": {"device": 12, "config_set": 15, "configuration": "\n!\nversion 12.1\nno service pad\nservice timestamps debug uptime\nservice timestamps log uptime\nno service password-encryption\n!\nhostname Switch\n!\nenable secret 5 $1$a161$pK0XRKowuOHIbOUJBOfPV.\nenable password cisco\n!\nip subnet-zero\n!\nip ssh time-out 120\nip ssh authentication-retries 3\n!\n!\nspanning-tree mode rapid-pvst\nno spanning-tree optimize bpdu transmission\nspanning-tree extend system-id\n!\n!\n!\n!\ninterface FastEthernet0/1\n switchport access vlan 562\n switchport mode access\n!\ninterface FastEthernet0/2\n!\ninterface FastEthernet0/3\n!\ninterface FastEthernet0/4\n!\ninterface FastEthernet0/5\n!\ninterface FastEthernet0/6\n!\ninterface FastEthernet0/7\n!\ninterface FastEthernet0/8\n!\ninterface FastEthernet0/9\n!\ninterface FastEthernet0/10\n!\ninterface FastEthernet0/11\n!\ninterface FastEthernet0/12\n switchport access vlan 562\n switchport mode access\n!\ninterface FastEthernet0/13\n!\ninterface FastEthernet0/14\n!\ninterface FastEthernet0/15\n!\ninterface FastEthernet0/16\n!\ninterface FastEthernet0/17\n!\ninterface FastEthernet0/18\n!\ninterface FastEthernet0/19\n!\ninterface FastEthernet0/20\n!\ninterface FastEthernet0/21\n!\ninterface FastEthernet0/22\n!\ninterface FastEthernet0/23\n!\ninterface FastEthernet0/24\n!\ninterface FastEthernet0/25\n!\ninterface FastEthernet0/26\n!\ninterface FastEthernet0/27\n!\ninterface FastEthernet0/28\n!\ninterface FastEthernet0/29\n!\ninterface FastEthernet0/30\n!\ninterface FastEthernet0/31\n!\ninterface FastEthernet0/32\n!\ninterface FastEthernet0/33\n!\ninterface FastEthernet0/34\n!\ninterface FastEthernet0/35\n!\ninterface FastEthernet0/36\n!\ninterface FastEthernet0/37\n!\ninterface FastEthernet0/38\n!\ninterface FastEthernet0/39\n!\ninterface FastEthernet0/40\n!\ninterface FastEthernet0/41\n!\ninterface FastEthernet0/42\n!\ninterface FastEthernet0/43\n!\ninterface FastEthernet0/44\n!\ninterface FastEthernet0/45\n!\ninterface FastEthernet0/46\n!\ninterface FastEthernet0/47\n!\ninterface FastEthernet0/48\n!\ninterface GigabitEthernet0/1\n!\ninterface GigabitEthernet0/2\n!\ninterface Vlan1\n no ip address\n no ip route-cache\n shutdown\n!\ninterface Vlan562\n ip address 10.53.234.253 255.255.255.240\n no ip route-cache\n!\nip http server\nsnmp-server community community RW\nsnmp-server system-shutdown\n!\nline con 0\nline vty 0 4\n password cisco\n no login\nline vty 5\n password cisco\n login\nline vty 6 15\n login\n!\n!\nend\n", "modify_datetime": "2013-04-24T14:07:22.359Z", "create_datetime": "2013-04-24T14:07:22.359Z"}}, {"pk": 1, "model": "south.migrationhistory", "fields": {"applied": "2013-02-28T13:42:50.973Z", "app_name": "ajax_app", "migration": "0001_initial"}}, {"pk": 2, "model": "south.migrationhistory", "fields": {"applied": "2013-02-28T14:21:36.641Z", "app_name": "ajax_app", "migration": "0002_auto__chg_field_booking_start_datetime__chg_field_booking_end_datetime"}}, {"pk": 3, "model": "south.migrationhistory", "fields": {"applied": "2013-03-02T20:15:11.690Z", "app_name": "tastypie", "migration": "0001_initial"}}, {"pk": 4, "model": "south.migrationhistory", "fields": {"applied": "2013-04-22T19:19:59.197Z", "app_name": "django_extensions", "migration": "0001_empty"}}, {"pk": 6, "model": "south.migrationhistory", "fields": {"applied": "2013-04-23T20:48:18.223Z", "app_name": "south", "migration": "0001_initial"}}, {"pk": 19, "model": "auth.permission", "fields": {"codename": "add_logentry", "name": "Can add log entry", "content_type": 7}}, {"pk": 20, "model": "auth.permission", "fields": {"codename": "change_logentry", "name": "Can change log entry", "content_type": 7}}, {"pk": 21, "model": "auth.permission", "fields": {"codename": "delete_logentry", "name": "Can delete log entry", "content_type": 7}}, {"pk": 24, "model": "auth.permission", "fields": {"codename": "add_booking", "name": "Can add booking", "content_type": 13}}, {"pk": 30, "model": "auth.permission", "fields": {"codename": "change_booking", "name": "Can change booking", "content_type": 13}}, {"pk": 36, "model": "auth.permission", "fields": {"codename": "delete_booking", "name": "Can delete booking", "content_type": 13}}, {"pk": 52, "model": "auth.permission", "fields": {"codename": "add_config", "name": "Can add config", "content_type": 19}}, {"pk": 54, "model": "auth.permission", "fields": {"codename": "change_config", "name": "Can change config", "content_type": 19}}, {"pk": 56, "model": "auth.permission", "fields": {"codename": "delete_config", "name": "Can delete config", "content_type": 19}}, {"pk": 53, "model": "auth.permission", "fields": {"codename": "add_configset", "name": "Can add config set", "content_type": 18}}, {"pk": 55, "model": "auth.permission", "fields": {"codename": "change_configset", "name": "Can change config set", "content_type": 18}}, {"pk": 57, "model": "auth.permission", "fields": {"codename": "delete_configset", "name": "Can delete config set", "content_type": 18}}, {"pk": 25, "model": "auth.permission", "fields": {"codename": "add_connection", "name": "Can add connection", "content_type": 10}}, {"pk": 31, "model": "auth.permission", "fields": {"codename": "change_connection", "name": "Can change connection", "content_type": 10}}, {"pk": 37, "model": "auth.permission", "fields": {"codename": "delete_connection", "name": "Can delete connection", "content_type": 10}}, {"pk": 22, "model": "auth.permission", "fields": {"codename": "add_device", "name": "Can add Device", "content_type": 11}}, {"pk": 28, "model": "auth.permission", "fields": {"codename": "change_device", "name": "Can change Device", "content_type": 11}}, {"pk": 34, "model": "auth.permission", "fields": {"codename": "delete_device", "name": "Can delete Device", "content_type": 11}}, {"pk": 23, "model": "auth.permission", "fields": {"codename": "add_devicetype", "name": "Can add Device Type", "content_type": 9}}, {"pk": 29, "model": "auth.permission", "fields": {"codename": "change_devicetype", "name": "Can change Device Type", "content_type": 9}}, {"pk": 35, "model": "auth.permission", "fields": {"codename": "delete_devicetype", "name": "Can delete Device Type", "content_type": 9}}, {"pk": 43, "model": "auth.permission", "fields": {"codename": "add_location", "name": "Can add location", "content_type": 15}}, {"pk": 44, "model": "auth.permission", "fields": {"codename": "change_location", "name": "Can change location", "content_type": 15}}, {"pk": 45, "model": "auth.permission", "fields": {"codename": "delete_location", "name": "Can delete location", "content_type": 15}}, {"pk": 26, "model": "auth.permission", "fields": {"codename": "add_pod", "name": "Can add pod", "content_type": 8}}, {"pk": 32, "model": "auth.permission", "fields": {"codename": "change_pod", "name": "Can change pod", "content_type": 8}}, {"pk": 38, "model": "auth.permission", "fields": {"codename": "delete_pod", "name": "Can delete pod", "content_type": 8}}, {"pk": 27, "model": "auth.permission", "fields": {"codename": "add_studytype", "name": "Can add study type", "content_type": 12}}, {"pk": 33, "model": "auth.permission", "fields": {"codename": "change_studytype", "name": "Can change study type", "content_type": 12}}, {"pk": 39, "model": "auth.permission", "fields": {"codename": "delete_studytype", "name": "Can delete study type", "content_type": 12}}, {"pk": 1, "model": "auth.permission", "fields": {"codename": "add_group", "name": "Can add group", "content_type": 2}}, {"pk": 4, "model": "auth.permission", "fields": {"codename": "change_group", "name": "Can change group", "content_type": 2}}, {"pk": 7, "model": "auth.permission", "fields": {"codename": "delete_group", "name": "Can delete group", "content_type": 2}}, {"pk": 2, "model": "auth.permission", "fields": {"codename": "add_permission", "name": "Can add permission", "content_type": 1}}, {"pk": 5, "model": "auth.permission", "fields": {"codename": "change_permission", "name": "Can change permission", "content_type": 1}}, {"pk": 8, "model": "auth.permission", "fields": {"codename": "delete_permission", "name": "Can delete permission", "content_type": 1}}, {"pk": 3, "model": "auth.permission", "fields": {"codename": "add_user", "name": "Can add user", "content_type": 3}}, {"pk": 6, "model": "auth.permission", "fields": {"codename": "change_user", "name": "Can change user", "content_type": 3}}, {"pk": 9, "model": "auth.permission", "fields": {"codename": "delete_user", "name": "Can delete user", "content_type": 3}}, {"pk": 10, "model": "auth.permission", "fields": {"codename": "add_contenttype", "name": "Can add content type", "content_type": 4}}, {"pk": 11, "model": "auth.permission", "fields": {"codename": "change_contenttype", "name": "Can change content type", "content_type": 4}}, {"pk": 12, "model": "auth.permission", "fields": {"codename": "delete_contenttype", "name": "Can delete content type", "content_type": 4}}, {"pk": 13, "model": "auth.permission", "fields": {"codename": "add_session", "name": "Can add session", "content_type": 5}}, {"pk": 14, "model": "auth.permission", "fields": {"codename": "change_session", "name": "Can change session", "content_type": 5}}, {"pk": 15, "model": "auth.permission", "fields": {"codename": "delete_session", "name": "Can delete session", "content_type": 5}}, {"pk": 16, "model": "auth.permission", "fields": {"codename": "add_site", "name": "Can add site", "content_type": 6}}, {"pk": 17, "model": "auth.permission", "fields": {"codename": "change_site", "name": "Can change site", "content_type": 6}}, {"pk": 18, "model": "auth.permission", "fields": {"codename": "delete_site", "name": "Can delete site", "content_type": 6}}, {"pk": 40, "model": "auth.permission", "fields": {"codename": "add_migrationhistory", "name": "Can add migration history", "content_type": 14}}, {"pk": 41, "model": "auth.permission", "fields": {"codename": "change_migrationhistory", "name": "Can change migration history", "content_type": 14}}, {"pk": 42, "model": "auth.permission", "fields": {"codename": "delete_migrationhistory", "name": "Can delete migration history", "content_type": 14}}, {"pk": 58, "model": "auth.permission", "fields": {"codename": "add_apiaccess", "name": "Can add api access", "content_type": 20}}, {"pk": 59, "model": "auth.permission", "fields": {"codename": "change_apiaccess", "name": "Can change api access", "content_type": 20}}, {"pk": 60, "model": "auth.permission", "fields": {"codename": "delete_apiaccess", "name": "Can delete api access", "content_type": 20}}, {"pk": 61, "model": "auth.permission", "fields": {"codename": "add_apikey", "name": "Can add api key", "content_type": 21}}, {"pk": 62, "model": "auth.permission", "fields": {"codename": "change_apikey", "name": "Can change api key", "content_type": 21}}, {"pk": 63, "model": "auth.permission", "fields": {"codename": "delete_apikey", "name": "Can delete api key", "content_type": 21}}, {"pk": 1, "model": "auth.user", "fields": {"username": "tim", "first_name": "Tim", "last_name": "Garner", "is_active": true, "is_superuser": true, "is_staff": true, "last_login": "2013-04-24T11:25:36.525Z", "groups": [], "user_permissions": [], "password": "pbkdf2_sha256$10000$ZbXbHIwhyY8G$mR/XXfEJSdq2v2JGzx7tdbWzFCD3b+4Unv4Rv55qXg0=", "email": "timgarner0@gmail.com", "date_joined": "2012-10-13T17:12:23Z"}}, {"pk": 2, "model": "auth.user", "fields": {"username": "roy", "first_name": "", "last_name": "", "is_active": true, "is_superuser": false, "is_staff": false, "last_login": "2013-04-05T14:07:21.348Z", "groups": [], "user_permissions": [], "password": "pbkdf2_sha256$10000$gDle9aqF5Xfl$qarsoOYgUwgrpSvQJCaLyAYwjAQb+fCFHUG4XNdTIFM=", "email": "", "date_joined": "2013-01-28T16:52:49.426Z"}}, {"pk": 3, "model": "auth.user", "fields": {"username": "tigarner", "first_name": "Timothy", "last_name": "Garner", "is_active": true, "is_superuser": true, "is_staff": true, "last_login": "2013-04-24T11:23:22.595Z", "groups": [], "user_permissions": [], "password": "!", "email": "tigarner@cisco.com", "date_joined": "2013-04-24T11:22:43Z"}}, {"pk": 243, "model": "admin.logentry", "fields": {"action_flag": 3, "action_time": "2013-04-25T07:29:22.244Z", "object_repr": "tim on pod Pod 3 between 2013-04-24 14:00:00+00:00 and 2013-04-25 13:00:00+00:00", "object_id": "1", "change_message": "", "user": 1, "content_type": 13}}, {"pk": 242, "model": "admin.logentry", "fields": {"action_flag": 3, "action_time": "2013-04-25T07:29:22.228Z", "object_repr": "tim on pod Pod 1 between 2013-04-20 09:00:00+00:00 and 2013-04-20 10:00:00+00:00", "object_id": "2", "change_message": "", "user": 1, "content_type": 13}}, {"pk": 241, "model": "admin.logentry", "fields": {"action_flag": 3, "action_time": "2013-04-24T20:58:47.982Z", "object_repr": "tim on pod Pod 1 between 2013-04-20 09:00:00+00:00 and 2013-04-20 10:00:00+00:00", "object_id": "2", "change_message": "", "user": 1, "content_type": 13}}, {"pk": 240, "model": "admin.logentry", "fields": {"action_flag": 3, "action_time": "2013-04-24T20:58:14.118Z", "object_repr": "tim on pod Pod 1 between 2013-04-20 09:00:00+00:00 and 2013-04-20 10:00:00+00:00", "object_id": "2", "change_message": "", "user": 1, "content_type": 13}}, {"pk": 239, "model": "admin.logentry", "fields": {"action_flag": 3, "action_time": "2013-04-24T20:57:09.274Z", "object_repr": "tim on pod Pod 1 between 2013-04-20 09:00:00+00:00 and 2013-04-20 10:00:00+00:00", "object_id": "2", "change_message": "", "user": 1, "content_type": 13}}, {"pk": 238, "model": "admin.logentry", "fields": {"action_flag": 3, "action_time": "2013-04-24T20:55:10.576Z", "object_repr": " on pod Pod 1 between 2013-04-20 09:00:00+00:00 and 2013-04-20 09:00:00+00:00", "object_id": "2", "change_message": "", "user": 1, "content_type": 13}}, {"pk": 237, "model": "admin.logentry", "fields": {"action_flag": 3, "action_time": "2013-04-24T20:55:10.566Z", "object_repr": " on pod Pod 1 between 2013-04-20 09:00:00+00:00 and 2013-04-20 10:00:00+00:00", "object_id": "3", "change_message": "", "user": 1, "content_type": 13}}, {"pk": 236, "model": "admin.logentry", "fields": {"action_flag": 3, "action_time": "2013-04-24T17:05:26.002Z", "object_repr": "tim on pod Pod 3 between 2013-04-25 14:00:00+00:00 and 2013-04-25 15:00:00+00:00", "object_id": "1", "change_message": "", "user": 1, "content_type": 13}}, {"pk": 235, "model": "admin.logentry", "fields": {"action_flag": 3, "action_time": "2013-04-24T17:05:25.992Z", "object_repr": "tim on pod Pod 3 between 2013-04-24 10:00:00+00:00 and 2013-04-24 11:00:00+00:00", "object_id": "2", "change_message": "", "user": 1, "content_type": 13}}, {"pk": 234, "model": "admin.logentry", "fields": {"action_flag": 3, "action_time": "2013-04-24T17:05:25.977Z", "object_repr": "tim on pod Pod 1 between 2013-04-26 09:00:00+00:00 and 2013-04-26 14:00:00+00:00", "object_id": "3", "change_message": "", "user": 1, "content_type": 13}}, {"pk": 233, "model": "admin.logentry", "fields": {"action_flag": 3, "action_time": "2013-04-24T15:04:17.529Z", "object_repr": "tim on pod Pod 1 between 2013-04-26 11:00:00+00:00 and 2013-04-26 12:00:00+00:00", "object_id": "4", "change_message": "", "user": 1, "content_type": 13}}, {"pk": 232, "model": "admin.logentry", "fields": {"action_flag": 2, "action_time": "2013-04-24T14:55:57.248Z", "object_repr": "tim on pod Pod 3 between 2013-04-24 11:00:00+01:00 and 2013-04-24 12:00:00+01:00", "object_id": "2", "change_message": "Changed start_datetime and end_datetime.", "user": 1, "content_type": 13}}, {"pk": 231, "model": "admin.logentry", "fields": {"action_flag": 2, "action_time": "2013-04-24T14:55:39.599Z", "object_repr": "tim on pod Pod 3 between 2013-03-05 11:00:00+00:00 and 2013-03-05 12:00:00+00:00", "object_id": "2", "change_message": "Changed end_datetime.", "user": 1, "content_type": 13}}, {"pk": 230, "model": "admin.logentry", "fields": {"action_flag": 2, "action_time": "2013-04-24T14:55:21.647Z", "object_repr": "tim on pod Pod 3 between 2013-03-05 11:00:00+00:00 and 2013-03-05 13:00:00+00:00", "object_id": "2", "change_message": "Changed start_datetime.", "user": 1, "content_type": 13}}, {"pk": 229, "model": "admin.logentry", "fields": {"action_flag": 3, "action_time": "2013-04-24T14:15:44.673Z", "object_repr": "tim on pod Pod 3 between 2013-04-24 11:00:00+00:00 and 2013-04-24 12:00:00+00:00", "object_id": "1", "change_message": "", "user": 1, "content_type": 13}}, {"pk": 228, "model": "admin.logentry", "fields": {"action_flag": 3, "action_time": "2013-04-24T14:15:44.662Z", "object_repr": "tim on pod Pod 3 between 2013-04-24 14:00:00+00:00 and 2013-04-24 15:00:00+00:00", "object_id": "2", "change_message": "", "user": 1, "content_type": 13}}, {"pk": 227, "model": "admin.logentry", "fields": {"action_flag": 3, "action_time": "2013-04-24T14:15:44.651Z", "object_repr": "tim on pod Pod 1 between 2013-04-25 13:00:00+00:00 and 2013-04-25 14:00:00+00:00", "object_id": "3", "change_message": "", "user": 1, "content_type": 13}}, {"pk": 226, "model": "admin.logentry", "fields": {"action_flag": 3, "action_time": "2013-04-24T14:01:30.107Z", "object_repr": "Blank CCNA", "object_id": "8", "change_message": "", "user": 1, "content_type": 18}}, {"pk": 225, "model": "admin.logentry", "fields": {"action_flag": 3, "action_time": "2013-04-24T14:01:30.095Z", "object_repr": "Blank CCNA", "object_id": "9", "change_message": "", "user": 1, "content_type": 18}}, {"pk": 224, "model": "admin.logentry", "fields": {"action_flag": 3, "action_time": "2013-04-24T14:01:15.086Z", "object_repr": "Autosaved Config at 2013-04-24 12:30:31.347437+01:00", "object_id": "2", "change_message": "", "user": 1, "content_type": 18}}, {"pk": 223, "model": "admin.logentry", "fields": {"action_flag": 3, "action_time": "2013-04-24T14:01:15.073Z", "object_repr": "Autosaved Config at 2013-04-24 12:35:31.337656+01:00", "object_id": "3", "change_message": "", "user": 1, "content_type": 18}}, {"pk": 222, "model": "admin.logentry", "fields": {"action_flag": 3, "action_time": "2013-04-24T14:01:15.061Z", "object_repr": "Autosaved Config at 2013-04-24 12:40:31.337950+01:00", "object_id": "4", "change_message": "", "user": 1, "content_type": 18}}, {"pk": 221, "model": "admin.logentry", "fields": {"action_flag": 3, "action_time": "2013-04-24T14:01:15.043Z", "object_repr": "Autosaved Config at 2013-04-24 13:04:01.151600+01:00", "object_id": "7", "change_message": "", "user": 1, "content_type": 18}}, {"pk": 220, "model": "admin.logentry", "fields": {"action_flag": 3, "action_time": "2013-04-24T11:29:50.578Z", "object_repr": "Autosaved Config at 2013-04-24 11:48:32.457347", "object_id": "2", "change_message": "", "user": 1, "content_type": 18}}, {"pk": 219, "model": "admin.logentry", "fields": {"action_flag": 3, "action_time": "2013-04-24T11:29:50.568Z", "object_repr": "Autosaved Config at 2013-04-24 11:48:32.507453", "object_id": "3", "change_message": "", "user": 1, "content_type": 18}}, {"pk": 218, "model": "admin.logentry", "fields": {"action_flag": 3, "action_time": "2013-04-24T11:29:50.558Z", "object_repr": "Autosaved Config at 2013-04-24 11:49:32.469629", "object_id": "4", "change_message": "", "user": 1, "content_type": 18}}, {"pk": 217, "model": "admin.logentry", "fields": {"action_flag": 3, "action_time": "2013-04-24T11:29:50.544Z", "object_repr": "Autosaved Config at 2013-04-24 11:49:32.512032", "object_id": "5", "change_message": "", "user": 1, "content_type": 18}}, {"pk": 216, "model": "admin.logentry", "fields": {"action_flag": 3, "action_time": "2013-04-24T11:29:50.530Z", "object_repr": "Autosaved Config at 2013-04-24 11:50:32.458537", "object_id": "6", "change_message": "", "user": 1, "content_type": 18}}, {"pk": 215, "model": "admin.logentry", "fields": {"action_flag": 3, "action_time": "2013-04-24T11:29:50.519Z", "object_repr": "Autosaved Config at 2013-04-24 11:50:32.502688", "object_id": "7", "change_message": "", "user": 1, "content_type": 18}}, {"pk": 214, "model": "admin.logentry", "fields": {"action_flag": 3, "action_time": "2013-04-24T11:29:50.508Z", "object_repr": "Autosaved Config at 2013-04-24 11:51:32.465912", "object_id": "8", "change_message": "", "user": 1, "content_type": 18}}, {"pk": 213, "model": "admin.logentry", "fields": {"action_flag": 3, "action_time": "2013-04-24T11:29:50.498Z", "object_repr": "Autosaved Config at 2013-04-24 11:51:32.512960", "object_id": "9", "change_message": "", "user": 1, "content_type": 18}}, {"pk": 212, "model": "admin.logentry", "fields": {"action_flag": 3, "action_time": "2013-04-24T11:29:50.487Z", "object_repr": "Autosaved Config at 2013-04-24 11:52:32.457586", "object_id": "10", "change_message": "", "user": 1, "content_type": 18}}, {"pk": 211, "model": "admin.logentry", "fields": {"action_flag": 3, "action_time": "2013-04-24T11:29:50.474Z", "object_repr": "Autosaved Config at 2013-04-24 11:52:32.484998", "object_id": "11", "change_message": "", "user": 1, "content_type": 18}}, {"pk": 210, "model": "admin.logentry", "fields": {"action_flag": 3, "action_time": "2013-04-24T11:29:50.453Z", "object_repr": "Autosaved Config at 2013-04-24 11:53:32.461223", "object_id": "12", "change_message": "", "user": 1, "content_type": 18}}, {"pk": 209, "model": "admin.logentry", "fields": {"action_flag": 3, "action_time": "2013-04-24T11:29:50.432Z", "object_repr": "Autosaved Config at 2013-04-24 11:53:32.502483", "object_id": "13", "change_message": "", "user": 1, "content_type": 18}}, {"pk": 208, "model": "admin.logentry", "fields": {"action_flag": 3, "action_time": "2013-04-24T11:29:50.409Z", "object_repr": "Autosaved Config at 2013-04-24 11:54:32.460646", "object_id": "14", "change_message": "", "user": 1, "content_type": 18}}, {"pk": 207, "model": "admin.logentry", "fields": {"action_flag": 3, "action_time": "2013-04-24T11:29:50.399Z", "object_repr": "Autosaved Config at 2013-04-24 11:54:32.504655", "object_id": "15", "change_message": "", "user": 1, "content_type": 18}}, {"pk": 206, "model": "admin.logentry", "fields": {"action_flag": 3, "action_time": "2013-04-24T11:29:50.387Z", "object_repr": "Autosaved Config at 2013-04-24 11:55:32.463914", "object_id": "16", "change_message": "", "user": 1, "content_type": 18}}, {"pk": 205, "model": "admin.logentry", "fields": {"action_flag": 3, "action_time": "2013-04-24T11:29:50.372Z", "object_repr": "Autosaved Config at 2013-04-24 11:55:32.506539", "object_id": "17", "change_message": "", "user": 1, "content_type": 18}}, {"pk": 204, "model": "admin.logentry", "fields": {"action_flag": 3, "action_time": "2013-04-24T11:29:50.356Z", "object_repr": "Autosaved Config at 2013-04-24 11:56:32.467343", "object_id": "18", "change_message": "", "user": 1, "content_type": 18}}, {"pk": 203, "model": "admin.logentry", "fields": {"action_flag": 3, "action_time": "2013-04-24T11:29:50.345Z", "object_repr": "Autosaved Config at 2013-04-24 11:56:32.517710", "object_id": "19", "change_message": "", "user": 1, "content_type": 18}}, {"pk": 202, "model": "admin.logentry", "fields": {"action_flag": 3, "action_time": "2013-04-24T11:29:50.333Z", "object_repr": "Autosaved Config at 2013-04-24 11:58:48.684185+01:00", "object_id": "20", "change_message": "", "user": 1, "content_type": 18}}, {"pk": 201, "model": "admin.logentry", "fields": {"action_flag": 3, "action_time": "2013-04-24T11:29:50.317Z", "object_repr": "Autosaved Config at 2013-04-24 11:58:48.737468+01:00", "object_id": "21", "change_message": "", "user": 1, "content_type": 18}}, {"pk": 200, "model": "admin.logentry", "fields": {"action_flag": 3, "action_time": "2013-04-24T11:29:50.306Z", "object_repr": "Autosaved Config at 2013-04-24 11:59:48.697523+01:00", "object_id": "22", "change_message": "", "user": 1, "content_type": 18}}, {"pk": 199, "model": "admin.logentry", "fields": {"action_flag": 3, "action_time": "2013-04-24T11:29:50.289Z", "object_repr": "Autosaved Config at 2013-04-24 11:59:48.734574+01:00", "object_id": "23", "change_message": "", "user": 1, "content_type": 18}}, {"pk": 198, "model": "admin.logentry", "fields": {"action_flag": 3, "action_time": "2013-04-24T11:29:50.278Z", "object_repr": "Autosaved Config at 2013-04-24 12:00:48.684587+01:00", "object_id": "24", "change_message": "", "user": 1, "content_type": 18}}, {"pk": 197, "model": "admin.logentry", "fields": {"action_flag": 3, "action_time": "2013-04-24T11:29:50.268Z", "object_repr": "Autosaved Config at 2013-04-24 12:20:26.648747+01:00", "object_id": "25", "change_message": "", "user": 1, "content_type": 18}}, {"pk": 196, "model": "admin.logentry", "fields": {"action_flag": 2, "action_time": "2013-04-24T11:23:04.680Z", "object_repr": "tigarner", "object_id": "3", "change_message": "Changed password, is_staff and is_superuser.", "user": 1, "content_type": 3}}, {"pk": 195, "model": "admin.logentry", "fields": {"action_flag": 3, "action_time": "2013-04-24T10:59:51.213Z", "object_repr": "tim on pod Pod 1 between 2013-04-23 20:00:00+00:00 and 2013-04-23 21:00:00+00:00", "object_id": "1", "change_message": "", "user": 1, "content_type": 13}}, {"pk": 194, "model": "admin.logentry", "fields": {"action_flag": 3, "action_time": "2013-04-24T10:59:51.197Z", "object_repr": "tim on pod Pod 3 between 2013-04-24 09:00:00+00:00 and 2013-04-24 10:00:00+00:00", "object_id": "2", "change_message": "", "user": 1, "content_type": 13}}, {"pk": 193, "model": "admin.logentry", "fields": {"action_flag": 3, "action_time": "2013-04-24T10:59:51.187Z", "object_repr": "tim on pod Pod 3 between 2013-04-24 10:00:00+00:00 and 2013-04-24 11:00:00+00:00", "object_id": "3", "change_message": "", "user": 1, "content_type": 13}}, {"pk": 192, "model": "admin.logentry", "fields": {"action_flag": 3, "action_time": "2013-04-24T10:59:51.176Z", "object_repr": "tim on pod Pod 3 between 2013-04-24 11:00:00+00:00 and 2013-04-24 12:00:00+00:00", "object_id": "4", "change_message": "", "user": 1, "content_type": 13}}, {"pk": 191, "model": "admin.logentry", "fields": {"action_flag": 3, "action_time": "2013-04-24T10:59:51.166Z", "object_repr": "tim on pod Pod 3 between 2013-04-25 09:00:00+00:00 and 2013-04-25 10:00:00+00:00", "object_id": "5", "change_message": "", "user": 1, "content_type": 13}}, {"pk": 190, "model": "admin.logentry", "fields": {"action_flag": 2, "action_time": "2013-04-24T09:38:13.092Z", "object_repr": "2611", "object_id": "4", "change_message": "Changed ram.", "user": 1, "content_type": 9}}, {"pk": 189, "model": "admin.logentry", "fields": {"action_flag": 2, "action_time": "2013-04-24T09:38:08.123Z", "object_repr": "2950", "object_id": "5", "change_message": "Changed ram.", "user": 1, "content_type": 9}}, {"pk": 188, "model": "admin.logentry", "fields": {"action_flag": 1, "action_time": "2013-04-23T20:42:17.855Z", "object_repr": "tim on pod Pod 1 between 2013-04-23 21:00:00+01:00 and 2013-04-23 22:00:00+01:00", "object_id": "1", "change_message": "", "user": 1, "content_type": 13}}, {"pk": 187, "model": "admin.logentry", "fields": {"action_flag": 3, "action_time": "2013-04-23T20:41:29.263Z", "object_repr": "tim on pod Pod 3 between 2013-04-22 14:00:00+00:00 and 2013-04-23 13:00:00+00:00", "object_id": "1", "change_message": "", "user": 1, "content_type": 13}}, {"pk": 186, "model": "admin.logentry", "fields": {"action_flag": 3, "action_time": "2013-04-23T20:41:29.252Z", "object_repr": "tim on pod Pod 3 between 2013-04-22 13:00:00+00:00 and 2013-04-22 14:00:00+00:00", "object_id": "2", "change_message": "", "user": 1, "content_type": 13}}, {"pk": 185, "model": "admin.logentry", "fields": {"action_flag": 3, "action_time": "2013-04-23T20:41:29.241Z", "object_repr": "tim on pod Pod 3 between 2013-04-23 10:00:00+00:00 and 2013-04-23 11:00:00+00:00", "object_id": "3", "change_message": "", "user": 1, "content_type": 13}}, {"pk": 184, "model": "admin.logentry", "fields": {"action_flag": 3, "action_time": "2013-04-23T20:41:29.230Z", "object_repr": "tim on pod Pod 3 between 2013-04-12 11:00:00+00:00 and 2013-04-12 12:00:00+00:00", "object_id": "4", "change_message": "", "user": 1, "content_type": 13}}, {"pk": 183, "model": "admin.logentry", "fields": {"action_flag": 3, "action_time": "2013-04-23T20:41:10.943Z", "object_repr": "2811", "object_id": "1", "change_message": "", "user": 1, "content_type": 9}}, {"pk": 182, "model": "admin.logentry", "fields": {"action_flag": 3, "action_time": "2013-04-23T20:41:10.932Z", "object_repr": "1801", "object_id": "3", "change_message": "", "user": 1, "content_type": 9}}, {"pk": 181, "model": "admin.logentry", "fields": {"action_flag": 3, "action_time": "2013-04-23T20:40:57.473Z", "object_repr": "A1", "object_id": "1", "change_message": "", "user": 1, "content_type": 15}}, {"pk": 180, "model": "admin.logentry", "fields": {"action_flag": 3, "action_time": "2013-04-23T20:40:57.462Z", "object_repr": "B16", "object_id": "2", "change_message": "", "user": 1, "content_type": 15}}, {"pk": 179, "model": "admin.logentry", "fields": {"action_flag": 3, "action_time": "2013-04-23T20:40:57.452Z", "object_repr": "C18", "object_id": "3", "change_message": "", "user": 1, "content_type": 15}}, {"pk": 178, "model": "admin.logentry", "fields": {"action_flag": 3, "action_time": "2013-04-23T20:40:35.419Z", "object_repr": "test1", "object_id": "2", "change_message": "", "user": 1, "content_type": 18}}, {"pk": 177, "model": "admin.logentry", "fields": {"action_flag": 3, "action_time": "2013-04-23T20:40:35.407Z", "object_repr": "test2", "object_id": "3", "change_message": "", "user": 1, "content_type": 18}}, {"pk": 176, "model": "admin.logentry", "fields": {"action_flag": 3, "action_time": "2013-04-23T20:40:35.394Z", "object_repr": "test3", "object_id": "4", "change_message": "", "user": 1, "content_type": 18}}, {"pk": 175, "model": "admin.logentry", "fields": {"action_flag": 3, "action_time": "2013-04-23T20:40:35.384Z", "object_repr": "test4", "object_id": "5", "change_message": "", "user": 1, "content_type": 18}}, {"pk": 174, "model": "admin.logentry", "fields": {"action_flag": 3, "action_time": "2013-04-23T20:40:22.145Z", "object_repr": "Test Pod", "object_id": "4", "change_message": "", "user": 1, "content_type": 8}}, {"pk": 173, "model": "admin.logentry", "fields": {"action_flag": 2, "action_time": "2013-04-23T09:39:57.700Z", "object_repr": "test3", "object_id": "4", "change_message": "Changed user.", "user": 1, "content_type": 18}}, {"pk": 172, "model": "admin.logentry", "fields": {"action_flag": 2, "action_time": "2013-04-23T09:38:04.284Z", "object_repr": "Config for: 2611 at M16 (s/n FATU39UGA) in Config set test3", "object_id": "9", "change_message": "Changed configuration.", "user": 1, "content_type": 19}}, {"pk": 171, "model": "admin.logentry", "fields": {"action_flag": 2, "action_time": "2013-04-23T09:37:55.127Z", "object_repr": "Config for: 2950 at M16 (s/n FATU39UGB) in Config set test3", "object_id": "10", "change_message": "Changed configuration.", "user": 1, "content_type": 19}}, {"pk": 170, "model": "admin.logentry", "fields": {"action_flag": 1, "action_time": "2013-04-22T20:06:29.811Z", "object_repr": "Test Pod", "object_id": "4", "change_message": "", "user": 1, "content_type": 8}}, {"pk": 169, "model": "admin.logentry", "fields": {"action_flag": 1, "action_time": "2013-04-22T19:59:54.357Z", "object_repr": "Config for: 2950 at M16 (s/n FATU39UGL) in Config set Test Configuration Set", "object_id": "6", "change_message": "", "user": 1, "content_type": 19}}, {"pk": 168, "model": "admin.logentry", "fields": {"action_flag": 1, "action_time": "2013-04-22T19:59:45.603Z", "object_repr": "Config for: 3560 at M16 (s/n FATU39UGK) in Config set Test Configuration Set", "object_id": "5", "change_message": "", "user": 1, "content_type": 19}}, {"pk": 167, "model": "admin.logentry", "fields": {"action_flag": 1, "action_time": "2013-04-22T19:59:34.368Z", "object_repr": "Config for: 3560 at M16 (s/n FATU39UGJ) in Config set Test Configuration Set", "object_id": "4", "change_message": "", "user": 1, "content_type": 19}}, {"pk": 166, "model": "admin.logentry", "fields": {"action_flag": 1, "action_time": "2013-04-22T19:59:21.198Z", "object_repr": "Config for: 2611 at M16 (s/n FATU39UGI) in Config set Test Configuration Set", "object_id": "3", "change_message": "", "user": 1, "content_type": 19}}, {"pk": 165, "model": "admin.logentry", "fields": {"action_flag": 2, "action_time": "2013-04-22T19:59:09.347Z", "object_repr": "Config for: 2611 at M16 (s/n FATU39UGG) in Config set Test Configuration Set", "object_id": "2", "change_message": "Changed device.", "user": 1, "content_type": 19}}, {"pk": 164, "model": "admin.logentry", "fields": {"action_flag": 1, "action_time": "2013-04-22T19:59:02.601Z", "object_repr": "Config for: 2611 at M16 (s/n FATU39UGH) in Config set Test Configuration Set", "object_id": "2", "change_message": "", "user": 1, "content_type": 19}}, {"pk": 163, "model": "admin.logentry", "fields": {"action_flag": 1, "action_time": "2013-04-22T19:58:31.887Z", "object_repr": "Config for: 2611 at M16 (s/n FATU39UGH) in Config set Test Configuration Set", "object_id": "1", "change_message": "", "user": 1, "content_type": 19}}, {"pk": 162, "model": "admin.logentry", "fields": {"action_flag": 1, "action_time": "2013-04-22T19:58:21.563Z", "object_repr": "Test Configuration Set", "object_id": "1", "change_message": "", "user": 1, "content_type": 18}}, {"pk": 161, "model": "admin.logentry", "fields": {"action_flag": 1, "action_time": "2013-04-22T19:49:20.686Z", "object_repr": "Pod 3", "object_id": "3", "change_message": "", "user": 1, "content_type": 8}}, {"pk": 160, "model": "admin.logentry", "fields": {"action_flag": 1, "action_time": "2013-04-22T19:49:13.561Z", "object_repr": "10.51.19.133:2213", "object_id": "24", "change_message": "", "user": 1, "content_type": 10}}, {"pk": 159, "model": "admin.logentry", "fields": {"action_flag": 1, "action_time": "2013-04-22T19:49:02.514Z", "object_repr": "10.53.234.253:23", "object_id": "23", "change_message": "", "user": 1, "content_type": 10}}, {"pk": 158, "model": "admin.logentry", "fields": {"action_flag": 1, "action_time": "2013-04-22T19:48:35.423Z", "object_repr": "10.51.19.133:2212", "object_id": "22", "change_message": "", "user": 1, "content_type": 10}}, {"pk": 157, "model": "admin.logentry", "fields": {"action_flag": 1, "action_time": "2013-04-22T19:48:24.913Z", "object_repr": "10.53.234.252:23", "object_id": "21", "change_message": "", "user": 1, "content_type": 10}}, {"pk": 156, "model": "admin.logentry", "fields": {"action_flag": 1, "action_time": "2013-04-22T19:48:04.957Z", "object_repr": "10.51.19.133:2211", "object_id": "20", "change_message": "", "user": 1, "content_type": 10}}, {"pk": 155, "model": "admin.logentry", "fields": {"action_flag": 1, "action_time": "2013-04-22T19:47:52.821Z", "object_repr": "10.53.234.251:23", "object_id": "19", "change_message": "", "user": 1, "content_type": 10}}, {"pk": 154, "model": "admin.logentry", "fields": {"action_flag": 1, "action_time": "2013-04-22T19:47:32.966Z", "object_repr": "10.51.19.133:2210", "object_id": "18", "change_message": "", "user": 1, "content_type": 10}}, {"pk": 153, "model": "admin.logentry", "fields": {"action_flag": 1, "action_time": "2013-04-22T19:47:23.838Z", "object_repr": "10.53.234.250:23", "object_id": "17", "change_message": "", "user": 1, "content_type": 10}}, {"pk": 152, "model": "admin.logentry", "fields": {"action_flag": 1, "action_time": "2013-04-22T19:46:46.216Z", "object_repr": "10.51.19.133:2285", "object_id": "16", "change_message": "", "user": 1, "content_type": 10}}, {"pk": 151, "model": "admin.logentry", "fields": {"action_flag": 1, "action_time": "2013-04-22T19:46:36.592Z", "object_repr": "10.53.234.249:23", "object_id": "15", "change_message": "", "user": 1, "content_type": 10}}, {"pk": 150, "model": "admin.logentry", "fields": {"action_flag": 1, "action_time": "2013-04-22T19:46:17.608Z", "object_repr": "10.51.19.133:2284", "object_id": "14", "change_message": "", "user": 1, "content_type": 10}}, {"pk": 149, "model": "admin.logentry", "fields": {"action_flag": 1, "action_time": "2013-04-22T19:46:02.193Z", "object_repr": "10.53.234.248:23", "object_id": "13", "change_message": "", "user": 1, "content_type": 10}}, {"pk": 148, "model": "admin.logentry", "fields": {"action_flag": 2, "action_time": "2013-04-22T19:45:35.335Z", "object_repr": "Pod 1", "object_id": "1", "change_message": "Changed devicetype for Device \"2950 at M16\".", "user": 1, "content_type": 8}}, {"pk": 147, "model": "admin.logentry", "fields": {"action_flag": 1, "action_time": "2013-04-22T19:45:27.171Z", "object_repr": "Pod 2", "object_id": "2", "change_message": "", "user": 1, "content_type": 8}}, {"pk": 146, "model": "admin.logentry", "fields": {"action_flag": 1, "action_time": "2013-04-22T19:41:25.675Z", "object_repr": "Pod 2", "object_id": "2", "change_message": "", "user": 1, "content_type": 8}}, {"pk": 145, "model": "admin.logentry", "fields": {"action_flag": 1, "action_time": "2013-04-22T19:41:16.044Z", "object_repr": "10.51.19.133:2283", "object_id": "12", "change_message": "", "user": 1, "content_type": 10}}, {"pk": 144, "model": "admin.logentry", "fields": {"action_flag": 1, "action_time": "2013-04-22T19:41:04.991Z", "object_repr": "10.53.234.247:23", "object_id": "11", "change_message": "", "user": 1, "content_type": 10}}, {"pk": 143, "model": "admin.logentry", "fields": {"action_flag": 1, "action_time": "2013-04-22T19:40:47.754Z", "object_repr": "2950", "object_id": "5", "change_message": "", "user": 1, "content_type": 9}}, {"pk": 142, "model": "admin.logentry", "fields": {"action_flag": 1, "action_time": "2013-04-22T19:40:35.431Z", "object_repr": "10.51.19.133:2282", "object_id": "10", "change_message": "", "user": 1, "content_type": 10}}, {"pk": 141, "model": "admin.logentry", "fields": {"action_flag": 1, "action_time": "2013-04-22T19:40:26.069Z", "object_repr": "10.53.234.246:23", "object_id": "9", "change_message": "", "user": 1, "content_type": 10}}, {"pk": 140, "model": "admin.logentry", "fields": {"action_flag": 1, "action_time": "2013-04-22T19:40:05.297Z", "object_repr": "10.51.19.133:2281", "object_id": "8", "change_message": "", "user": 1, "content_type": 10}}, {"pk": 139, "model": "admin.logentry", "fields": {"action_flag": 1, "action_time": "2013-04-22T19:39:54.016Z", "object_repr": "10.53.234.245:23", "object_id": "7", "change_message": "", "user": 1, "content_type": 10}}, {"pk": 138, "model": "admin.logentry", "fields": {"action_flag": 1, "action_time": "2013-04-22T19:39:37.484Z", "object_repr": "10.51.19.133:2280", "object_id": "6", "change_message": "", "user": 1, "content_type": 10}}, {"pk": 137, "model": "admin.logentry", "fields": {"action_flag": 1, "action_time": "2013-04-22T19:39:29.245Z", "object_repr": "10.53.234.244:23", "object_id": "5", "change_message": "", "user": 1, "content_type": 10}}, {"pk": 136, "model": "admin.logentry", "fields": {"action_flag": 1, "action_time": "2013-04-22T19:39:10.504Z", "object_repr": "Pod 1", "object_id": "1", "change_message": "", "user": 1, "content_type": 8}}, {"pk": 135, "model": "admin.logentry", "fields": {"action_flag": 1, "action_time": "2013-04-22T19:38:34.794Z", "object_repr": "10.51.19.133:2271", "object_id": "4", "change_message": "", "user": 1, "content_type": 10}}, {"pk": 134, "model": "admin.logentry", "fields": {"action_flag": 1, "action_time": "2013-04-22T19:38:13.760Z", "object_repr": "10.51.19.133:2269", "object_id": "3", "change_message": "", "user": 1, "content_type": 10}}, {"pk": 133, "model": "admin.logentry", "fields": {"action_flag": 1, "action_time": "2013-04-22T19:37:53.397Z", "object_repr": "2611", "object_id": "4", "change_message": "", "user": 1, "content_type": 9}}, {"pk": 132, "model": "admin.logentry", "fields": {"action_flag": 1, "action_time": "2013-04-22T19:37:45.106Z", "object_repr": "M16", "object_id": "4", "change_message": "", "user": 1, "content_type": 15}}, {"pk": 131, "model": "admin.logentry", "fields": {"action_flag": 1, "action_time": "2013-04-22T19:37:13.074Z", "object_repr": "10.53.234.242:23", "object_id": "2", "change_message": "", "user": 1, "content_type": 10}}, {"pk": 130, "model": "admin.logentry", "fields": {"action_flag": 1, "action_time": "2013-04-22T19:35:59.520Z", "object_repr": "10.53.234.243:23", "object_id": "1", "change_message": "", "user": 1, "content_type": 10}}, {"pk": 129, "model": "admin.logentry", "fields": {"action_flag": 3, "action_time": "2013-04-22T19:35:30.785Z", "object_repr": "10.10.10.1:23", "object_id": "1", "change_message": "", "user": 1, "content_type": 10}}, {"pk": 128, "model": "admin.logentry", "fields": {"action_flag": 3, "action_time": "2013-04-22T19:35:30.774Z", "object_repr": "10.10.10.1:22", "object_id": "2", "change_message": "", "user": 1, "content_type": 10}}, {"pk": 127, "model": "admin.logentry", "fields": {"action_flag": 3, "action_time": "2013-04-22T19:35:30.759Z", "object_repr": "10.10.10.255:80", "object_id": "3", "change_message": "", "user": 1, "content_type": 10}}, {"pk": 126, "model": "admin.logentry", "fields": {"action_flag": 3, "action_time": "2013-04-22T19:35:30.748Z", "object_repr": "192.168.1.1:23", "object_id": "4", "change_message": "", "user": 1, "content_type": 10}}, {"pk": 125, "model": "admin.logentry", "fields": {"action_flag": 3, "action_time": "2013-04-22T19:35:30.737Z", "object_repr": "10.10.10.150:23", "object_id": "5", "change_message": "", "user": 1, "content_type": 10}}, {"pk": 124, "model": "admin.logentry", "fields": {"action_flag": 3, "action_time": "2013-04-22T19:35:30.726Z", "object_repr": "172.16.1.1:23", "object_id": "6", "change_message": "", "user": 1, "content_type": 10}}, {"pk": 123, "model": "admin.logentry", "fields": {"action_flag": 3, "action_time": "2013-04-22T19:32:50.711Z", "object_repr": "Large CCIE Pod", "object_id": "1", "change_message": "", "user": 1, "content_type": 8}}, {"pk": 122, "model": "admin.logentry", "fields": {"action_flag": 3, "action_time": "2013-04-22T19:32:50.700Z", "object_repr": "Medium CCNP Pod", "object_id": "2", "change_message": "", "user": 1, "content_type": 8}}, {"pk": 121, "model": "admin.logentry", "fields": {"action_flag": 3, "action_time": "2013-04-22T19:32:50.684Z", "object_repr": "Small CCNA Pod", "object_id": "3", "change_message": "", "user": 1, "content_type": 8}}, {"pk": 120, "model": "admin.logentry", "fields": {"action_flag": 3, "action_time": "2013-04-22T19:16:57.533Z", "object_repr": "tim on pod Large CCIE Pod between 2013-04-12 11:00:00+00:00 and 2013-04-12 12:00:00+00:00", "object_id": "1", "change_message": "", "user": 1, "content_type": 13}}, {"pk": 119, "model": "admin.logentry", "fields": {"action_flag": 2, "action_time": "2013-04-05T13:48:33.813Z", "object_repr": "tim", "object_id": "1", "change_message": "Changed password, first_name and last_name.", "user": 1, "content_type": 3}}, {"pk": 118, "model": "admin.logentry", "fields": {"action_flag": 3, "action_time": "2013-03-14T11:26:05.080Z", "object_repr": "tim on pod Large CCIE Pod between 2013-03-14 10:00:00+00:00 and 2013-03-14 11:00:00+00:00", "object_id": "1", "change_message": "", "user": 1, "content_type": 13}}, {"pk": 117, "model": "admin.logentry", "fields": {"action_flag": 3, "action_time": "2013-03-14T11:26:05.073Z", "object_repr": "tim on pod Large CCIE Pod between 2013-03-15 10:00:00+00:00 and 2013-03-15 11:00:00+00:00", "object_id": "2", "change_message": "", "user": 1, "content_type": 13}}, {"pk": 116, "model": "admin.logentry", "fields": {"action_flag": 3, "action_time": "2013-03-14T11:26:05.067Z", "object_repr": "tim on pod Large CCIE Pod between 2013-04-12 11:00:00+00:00 and 2013-04-12 12:00:00+00:00", "object_id": "3", "change_message": "", "user": 1, "content_type": 13}}, {"pk": 115, "model": "admin.logentry", "fields": {"action_flag": 3, "action_time": "2013-03-14T11:26:05.060Z", "object_repr": "tim on pod Medium CCNP Pod between 2013-04-12 11:00:00+00:00 and 2013-04-12 12:00:00+00:00", "object_id": "4", "change_message": "", "user": 1, "content_type": 13}}, {"pk": 114, "model": "admin.logentry", "fields": {"action_flag": 3, "action_time": "2013-03-14T11:02:20.756Z", "object_repr": "tim on pod Large CCIE Pod between 2013-03-01 14:00:00+00:00 and 2013-03-01 15:00:00+00:00", "object_id": "1", "change_message": "", "user": 1, "content_type": 13}}, {"pk": 113, "model": "admin.logentry", "fields": {"action_flag": 3, "action_time": "2013-03-14T11:02:20.721Z", "object_repr": "tim on pod Medium CCNP Pod between 2013-02-28 11:00:00+00:00 and 2013-02-28 12:00:00+00:00", "object_id": "2", "change_message": "", "user": 1, "content_type": 13}}, {"pk": 112, "model": "admin.logentry", "fields": {"action_flag": 3, "action_time": "2013-03-14T11:02:20.686Z", "object_repr": "tim on pod Medium CCNP Pod between 2013-02-28 20:00:00+00:00 and 2013-02-28 23:00:00+00:00", "object_id": "3", "change_message": "", "user": 1, "content_type": 13}}, {"pk": 111, "model": "admin.logentry", "fields": {"action_flag": 3, "action_time": "2013-03-14T11:02:20.650Z", "object_repr": "tim on pod Large CCIE Pod between 2013-02-28 19:00:00+00:00 and 2013-02-28 20:00:00+00:00", "object_id": "5", "change_message": "", "user": 1, "content_type": 13}}, {"pk": 110, "model": "admin.logentry", "fields": {"action_flag": 3, "action_time": "2013-03-14T11:02:20.615Z", "object_repr": "roy on pod Large CCIE Pod between 2013-03-04 10:00:00+00:00 and 2013-03-04 17:00:00+00:00", "object_id": "6", "change_message": "", "user": 1, "content_type": 13}}, {"pk": 109, "model": "admin.logentry", "fields": {"action_flag": 3, "action_time": "2013-03-14T11:02:20.580Z", "object_repr": "tim on pod Large CCIE Pod between 2013-03-06 12:00:00+00:00 and 2013-03-06 13:00:00+00:00", "object_id": "7", "change_message": "", "user": 1, "content_type": 13}}, {"pk": 108, "model": "admin.logentry", "fields": {"action_flag": 3, "action_time": "2013-03-14T11:02:20.546Z", "object_repr": "tim on pod Large CCIE Pod between 2013-03-06 13:00:00+00:00 and 2013-03-06 14:00:00+00:00", "object_id": "8", "change_message": "", "user": 1, "content_type": 13}}, {"pk": 107, "model": "admin.logentry", "fields": {"action_flag": 3, "action_time": "2013-03-14T11:02:20.510Z", "object_repr": "roy on pod Large CCIE Pod between 2013-03-06 16:00:00+00:00 and 2013-03-06 18:00:00+00:00", "object_id": "9", "change_message": "", "user": 1, "content_type": 13}}, {"pk": 106, "model": "admin.logentry", "fields": {"action_flag": 3, "action_time": "2013-03-14T11:02:20.472Z", "object_repr": "roy on pod Medium CCNP Pod between 2013-03-06 15:00:00+00:00 and 2013-03-06 16:00:00+00:00", "object_id": "10", "change_message": "", "user": 1, "content_type": 13}}, {"pk": 105, "model": "admin.logentry", "fields": {"action_flag": 3, "action_time": "2013-03-14T11:02:20.421Z", "object_repr": "tim on pod Medium CCNP Pod between 2013-04-12 11:00:00+00:00 and 2013-04-12 12:00:00+00:00", "object_id": "11", "change_message": "", "user": 1, "content_type": 13}}, {"pk": 104, "model": "admin.logentry", "fields": {"action_flag": 3, "action_time": "2013-03-14T10:55:33.560Z", "object_repr": "tim on pod Medium CCNP Pod between 2013-05-28 10:00:00+00:00 and 2013-05-28 11:00:00+00:00", "object_id": "13", "change_message": "", "user": 1, "content_type": 13}}, {"pk": 103, "model": "admin.logentry", "fields": {"action_flag": 3, "action_time": "2013-03-14T10:54:58.403Z", "object_repr": "tim on pod Medium CCNP Pod between 2013-03-13 12:00:00+00:00 and 2013-03-13 13:00:00+00:00", "object_id": "11", "change_message": "", "user": 1, "content_type": 13}}, {"pk": 102, "model": "admin.logentry", "fields": {"action_flag": 3, "action_time": "2013-03-14T10:53:14.067Z", "object_repr": "tim on pod Medium CCNP Pod between 2013-04-12 11:00:00+00:00 and 2013-04-12 12:00:00+00:00", "object_id": "12", "change_message": "", "user": 1, "content_type": 13}}, {"pk": 101, "model": "admin.logentry", "fields": {"action_flag": 3, "action_time": "2013-03-14T10:53:14.060Z", "object_repr": "tim on pod Large CCIE Pod between 2013-04-12 11:00:00+00:00 and 2013-04-12 12:00:00+00:00", "object_id": "14", "change_message": "", "user": 1, "content_type": 13}}, {"pk": 100, "model": "admin.logentry", "fields": {"action_flag": 3, "action_time": "2013-03-14T10:51:51.051Z", "object_repr": "tim on pod Large CCIE Pod between 2013-04-12 11:00:00+00:00 and 2013-04-12 12:00:00+00:00", "object_id": "14", "change_message": "", "user": 1, "content_type": 13}}, {"pk": 99, "model": "admin.logentry", "fields": {"action_flag": 3, "action_time": "2013-03-13T16:57:06.816Z", "object_repr": "tim on pod Large CCIE Pod between 2013-04-12 11:00:00+00:00 and 2013-04-12 12:00:00+00:00", "object_id": "14", "change_message": "", "user": 1, "content_type": 13}}, {"pk": 98, "model": "admin.logentry", "fields": {"action_flag": 3, "action_time": "2013-03-13T16:56:08.430Z", "object_repr": "tim on pod Large CCIE Pod between 2013-04-12 11:00:00+00:00 and 2013-04-12 12:00:00+00:00", "object_id": "14", "change_message": "", "user": 1, "content_type": 13}}, {"pk": 97, "model": "admin.logentry", "fields": {"action_flag": 3, "action_time": "2013-03-13T16:49:39.699Z", "object_repr": "tim on pod Large CCIE Pod between 2013-04-12 11:00:00+00:00 and 2013-04-12 12:00:00+00:00", "object_id": "14", "change_message": "", "user": 1, "content_type": 13}}, {"pk": 96, "model": "admin.logentry", "fields": {"action_flag": 3, "action_time": "2013-03-13T16:45:14.140Z", "object_repr": "tim on pod Large CCIE Pod between 2013-04-12 11:00:00+00:00 and 2013-04-12 12:00:00+00:00", "object_id": "14", "change_message": "", "user": 1, "content_type": 13}}, {"pk": 95, "model": "admin.logentry", "fields": {"action_flag": 2, "action_time": "2013-03-06T15:14:01.464Z", "object_repr": "roy on pod Medium CCNP Pod between 2013-03-06 15:00:00+00:00 and 2013-03-06 16:00:00+00:00", "object_id": "10", "change_message": "Changed user.", "user": 1, "content_type": 13}}, {"pk": 94, "model": "admin.logentry", "fields": {"action_flag": 2, "action_time": "2013-03-04T21:57:21.884Z", "object_repr": "roy on pod Large CCIE Pod between 2013-03-04 10:00:00+00:00 and 2013-03-04 17:00:00+00:00", "object_id": "6", "change_message": "Changed end_datetime.", "user": 1, "content_type": 13}}, {"pk": 93, "model": "admin.logentry", "fields": {"action_flag": 2, "action_time": "2013-03-04T21:56:49.874Z", "object_repr": "roy on pod Large CCIE Pod between 2013-03-04 10:00:00+00:00 and 2013-03-04 19:00:00+00:00", "object_id": "6", "change_message": "Changed end_datetime.", "user": 1, "content_type": 13}}, {"pk": 92, "model": "admin.logentry", "fields": {"action_flag": 3, "action_time": "2013-02-28T19:05:29.780Z", "object_repr": "tim on pod Large CCIE Pod between 2013-03-02 15:00:00+00:00 and 2013-03-29 16:00:00+00:00", "object_id": "4", "change_message": "", "user": 1, "content_type": 13}}, {"pk": 91, "model": "admin.logentry", "fields": {"action_flag": 3, "action_time": "2013-02-05T15:15:58.221Z", "object_repr": "tim on pod Large CCIE Pod between 15:00:00 and 16:00:00 on 2013-02-05", "object_id": "1", "change_message": "", "user": 1, "content_type": 13}}, {"pk": 90, "model": "admin.logentry", "fields": {"action_flag": 2, "action_time": "2013-02-05T15:02:03.331Z", "object_repr": "Config object", "object_id": "1", "change_message": "Changed configuration.", "user": 1, "content_type": 19}}, {"pk": 89, "model": "admin.logentry", "fields": {"action_flag": 2, "action_time": "2013-02-05T15:01:49.217Z", "object_repr": "Config object", "object_id": "2", "change_message": "Changed configuration.", "user": 1, "content_type": 19}}, {"pk": 88, "model": "admin.logentry", "fields": {"action_flag": 2, "action_time": "2013-02-05T15:01:39.479Z", "object_repr": "Config object", "object_id": "3", "change_message": "Changed configuration.", "user": 1, "content_type": 19}}, {"pk": 87, "model": "admin.logentry", "fields": {"action_flag": 2, "action_time": "2013-02-05T15:01:17.909Z", "object_repr": "CCNP Config for Medium Pod", "object_id": "4", "change_message": "Changed description.", "user": 1, "content_type": 18}}, {"pk": 86, "model": "admin.logentry", "fields": {"action_flag": 2, "action_time": "2013-02-05T15:01:07.727Z", "object_repr": "A config set owned by Roy", "object_id": "1", "change_message": "Changed description.", "user": 1, "content_type": 18}}, {"pk": 85, "model": "admin.logentry", "fields": {"action_flag": 2, "action_time": "2013-02-05T15:00:42.332Z", "object_repr": "CCIE Config for Large Pod", "object_id": "2", "change_message": "Changed description.", "user": 1, "content_type": 18}}, {"pk": 84, "model": "admin.logentry", "fields": {"action_flag": 2, "action_time": "2013-02-05T15:00:28.902Z", "object_repr": "CCNP Config for Large Pod", "object_id": "3", "change_message": "Changed description.", "user": 1, "content_type": 18}}, {"pk": 83, "model": "admin.logentry", "fields": {"action_flag": 2, "action_time": "2013-02-05T15:00:08.636Z", "object_repr": "Large CCIE Pod", "object_id": "1", "change_message": "Changed description.", "user": 1, "content_type": 8}}, {"pk": 82, "model": "admin.logentry", "fields": {"action_flag": 2, "action_time": "2013-02-05T14:59:55.985Z", "object_repr": "Medium CCNP Pod", "object_id": "2", "change_message": "Changed description.", "user": 1, "content_type": 8}}, {"pk": 81, "model": "admin.logentry", "fields": {"action_flag": 2, "action_time": "2013-02-05T14:59:45.720Z", "object_repr": "Small CCNA Pod", "object_id": "3", "change_message": "Changed description.", "user": 1, "content_type": 8}}, {"pk": 80, "model": "admin.logentry", "fields": {"action_flag": 3, "action_time": "2013-02-05T14:59:23.442Z", "object_repr": "tim on pod Comprehensive Pod between 15:00:00 and 16:00:00 on 2013-02-01", "object_id": "1", "change_message": "", "user": 1, "content_type": 13}}, {"pk": 79, "model": "admin.logentry", "fields": {"action_flag": 3, "action_time": "2013-02-05T14:59:23.436Z", "object_repr": "roy on pod Comprehensive Pod between 17:00:00 and 19:00:00 on 2013-02-01", "object_id": "2", "change_message": "", "user": 1, "content_type": 13}}, {"pk": 78, "model": "admin.logentry", "fields": {"action_flag": 3, "action_time": "2013-02-05T14:59:23.430Z", "object_repr": "roy on pod Comprehensive Pod between 14:00:00 and 15:00:00 on 2013-02-05", "object_id": "3", "change_message": "", "user": 1, "content_type": 13}}, {"pk": 77, "model": "admin.logentry", "fields": {"action_flag": 3, "action_time": "2013-02-01T11:54:24.059Z", "object_repr": "tim on pod Comprehensive Pod between 14:00:00 and 15:00:00 on 2013-01-31", "object_id": "1", "change_message": "", "user": 1, "content_type": 13}}, {"pk": 76, "model": "admin.logentry", "fields": {"action_flag": 3, "action_time": "2013-02-01T11:54:24.057Z", "object_repr": "tim on pod Comprehensive Pod between 15:00:00 and 16:00:00 on 2013-01-31", "object_id": "2", "change_message": "", "user": 1, "content_type": 13}}, {"pk": 75, "model": "admin.logentry", "fields": {"action_flag": 3, "action_time": "2013-02-01T11:54:24.056Z", "object_repr": "tim on pod Comprehensive Pod between 20:00:00 and 21:00:00 on 2013-01-31", "object_id": "3", "change_message": "", "user": 1, "content_type": 13}}, {"pk": 74, "model": "admin.logentry", "fields": {"action_flag": 3, "action_time": "2013-02-01T11:54:24.054Z", "object_repr": "tim on pod Comprehensive Pod between 21:00:00 and 22:00:00 on 2013-01-31", "object_id": "4", "change_message": "", "user": 1, "content_type": 13}}, {"pk": 73, "model": "admin.logentry", "fields": {"action_flag": 3, "action_time": "2013-02-01T11:54:24.052Z", "object_repr": "tim on pod Comprehensive Pod between 11:00:00 and 12:00:00 on 2013-02-01", "object_id": "5", "change_message": "", "user": 1, "content_type": 13}}, {"pk": 72, "model": "admin.logentry", "fields": {"action_flag": 1, "action_time": "2013-02-01T11:34:53.544Z", "object_repr": "Config object", "object_id": "3", "change_message": "", "user": 1, "content_type": 19}}, {"pk": 71, "model": "admin.logentry", "fields": {"action_flag": 3, "action_time": "2013-01-31T14:13:10.068Z", "object_repr": "tim on pod CCNA Pod between 14:00:00 and 15:00:00 on 2013-01-31", "object_id": "1", "change_message": "", "user": 1, "content_type": 13}}, {"pk": 70, "model": "admin.logentry", "fields": {"action_flag": 3, "action_time": "2013-01-31T14:13:10.067Z", "object_repr": "tim on pod Smaller Pod between 14:00:00 and 15:00:00 on 2013-01-31", "object_id": "2", "change_message": "", "user": 1, "content_type": 13}}, {"pk": 69, "model": "admin.logentry", "fields": {"action_flag": 3, "action_time": "2013-01-31T14:13:10.065Z", "object_repr": "tim on pod Comprehensive Pod between 14:00:00 and 15:00:00 on 2013-01-31", "object_id": "3", "change_message": "", "user": 1, "content_type": 13}}, {"pk": 68, "model": "admin.logentry", "fields": {"action_flag": 3, "action_time": "2013-01-31T14:10:08.651Z", "object_repr": "tim on pod Comprehensive Pod between 10:00:00 and 11:00:00 on 2013-01-29", "object_id": "1", "change_message": "", "user": 1, "content_type": 13}}, {"pk": 67, "model": "admin.logentry", "fields": {"action_flag": 3, "action_time": "2013-01-31T14:10:08.649Z", "object_repr": "roy on pod Smaller Pod between 12:00:00 and 13:00:00 on 2013-01-29", "object_id": "2", "change_message": "", "user": 1, "content_type": 13}}, {"pk": 66, "model": "admin.logentry", "fields": {"action_flag": 3, "action_time": "2013-01-31T14:10:08.648Z", "object_repr": "tim on pod Comprehensive Pod between 11:00:00 and 12:00:00 on 2013-01-29", "object_id": "3", "change_message": "", "user": 1, "content_type": 13}}, {"pk": 65, "model": "admin.logentry", "fields": {"action_flag": 3, "action_time": "2013-01-31T14:10:08.646Z", "object_repr": "tim on pod Smaller Pod between 11:00:00 and 12:00:00 on 2013-01-29", "object_id": "4", "change_message": "", "user": 1, "content_type": 13}}, {"pk": 64, "model": "admin.logentry", "fields": {"action_flag": 3, "action_time": "2013-01-31T14:10:08.645Z", "object_repr": "tim on pod Comprehensive Pod between 20:00:00 and 21:00:00 on 2013-01-30", "object_id": "5", "change_message": "", "user": 1, "content_type": 13}}, {"pk": 63, "model": "admin.logentry", "fields": {"action_flag": 3, "action_time": "2013-01-31T14:10:08.643Z", "object_repr": "tim on pod Smaller Pod between 09:00:00 and 10:00:00 on 2013-01-29", "object_id": "6", "change_message": "", "user": 1, "content_type": 13}}, {"pk": 62, "model": "admin.logentry", "fields": {"action_flag": 3, "action_time": "2013-01-31T14:10:08.641Z", "object_repr": "tim on pod CCNA Pod between 09:00:00 and 10:00:00 on 2013-01-29", "object_id": "7", "change_message": "", "user": 1, "content_type": 13}}, {"pk": 61, "model": "admin.logentry", "fields": {"action_flag": 3, "action_time": "2013-01-31T14:10:08.639Z", "object_repr": "tim on pod CCNA Pod between 11:00:00 and 12:00:00 on 2013-01-29", "object_id": "8", "change_message": "", "user": 1, "content_type": 13}}, {"pk": 60, "model": "admin.logentry", "fields": {"action_flag": 3, "action_time": "2013-01-31T14:10:08.638Z", "object_repr": "tim on pod Comprehensive Pod between 14:00:00 and 15:00:00 on 2013-01-31", "object_id": "9", "change_message": "", "user": 1, "content_type": 13}}, {"pk": 59, "model": "admin.logentry", "fields": {"action_flag": 3, "action_time": "2013-01-31T14:10:08.636Z", "object_repr": "tim on pod Smaller Pod between 14:00:00 and 15:00:00 on 2013-01-31", "object_id": "10", "change_message": "", "user": 1, "content_type": 13}}, {"pk": 58, "model": "admin.logentry", "fields": {"action_flag": 3, "action_time": "2013-01-31T14:10:08.634Z", "object_repr": "tim on pod Smaller Pod between 16:00:00 and 17:00:00 on 2013-01-31", "object_id": "11", "change_message": "", "user": 1, "content_type": 13}}, {"pk": 57, "model": "admin.logentry", "fields": {"action_flag": 2, "action_time": "2013-01-31T13:24:06.607Z", "object_repr": "Comprehensive Pod", "object_id": "1", "change_message": "Changed description.", "user": 1, "content_type": 8}}, {"pk": 56, "model": "admin.logentry", "fields": {"action_flag": 2, "action_time": "2013-01-31T12:33:03.013Z", "object_repr": "zComprehensive Pod", "object_id": "1", "change_message": "Changed description.", "user": 1, "content_type": 8}}, {"pk": 55, "model": "admin.logentry", "fields": {"action_flag": 1, "action_time": "2013-01-31T12:31:54.484Z", "object_repr": "I should have one config set", "object_id": "4", "change_message": "", "user": 1, "content_type": 18}}, {"pk": 54, "model": "admin.logentry", "fields": {"action_flag": 1, "action_time": "2013-01-31T12:31:32.717Z", "object_repr": "blooop", "object_id": "3", "change_message": "", "user": 1, "content_type": 18}}, {"pk": 53, "model": "admin.logentry", "fields": {"action_flag": 2, "action_time": "2013-01-31T12:12:55.654Z", "object_repr": "A quick config set", "object_id": "1", "change_message": "Changed user.", "user": 1, "content_type": 18}}, {"pk": 52, "model": "admin.logentry", "fields": {"action_flag": 1, "action_time": "2013-01-30T20:42:35.760Z", "object_repr": "Config object", "object_id": "2", "change_message": "", "user": 1, "content_type": 19}}, {"pk": 51, "model": "admin.logentry", "fields": {"action_flag": 1, "action_time": "2013-01-30T20:42:12.047Z", "object_repr": "Tricky config set", "object_id": "2", "change_message": "", "user": 1, "content_type": 18}}, {"pk": 50, "model": "admin.logentry", "fields": {"action_flag": 2, "action_time": "2013-01-30T20:22:28.714Z", "object_repr": "Comprehensive Pod", "object_id": "1", "change_message": "Changed study_types.", "user": 1, "content_type": 8}}, {"pk": 49, "model": "admin.logentry", "fields": {"action_flag": 2, "action_time": "2013-01-30T20:22:20.657Z", "object_repr": "Smaller Pod", "object_id": "2", "change_message": "Changed study_types.", "user": 1, "content_type": 8}}, {"pk": 48, "model": "admin.logentry", "fields": {"action_flag": 2, "action_time": "2013-01-30T19:20:45.217Z", "object_repr": "tim on pod Comprehensive Pod between 20:00:00 and 21:00:00 on 2013-01-30", "object_id": "5", "change_message": "Changed start_time and end_time.", "user": 1, "content_type": 13}}, {"pk": 47, "model": "admin.logentry", "fields": {"action_flag": 2, "action_time": "2013-01-30T19:07:09.674Z", "object_repr": "tim on pod Comprehensive Pod between 19:00:00 and 20:00:00 on 2013-01-30", "object_id": "5", "change_message": "Changed start_time and end_time.", "user": 1, "content_type": 13}}, {"pk": 46, "model": "admin.logentry", "fields": {"action_flag": 2, "action_time": "2013-01-30T17:34:10.554Z", "object_repr": "tim on pod Comprehensive Pod between 17:00:00 and 18:00:00 on 2013-01-30", "object_id": "5", "change_message": "Changed date.", "user": 1, "content_type": 13}}, {"pk": 45, "model": "admin.logentry", "fields": {"action_flag": 2, "action_time": "2013-01-30T17:22:31.704Z", "object_repr": "tim on pod Comprehensive Pod between 17:00:00 and 18:00:00 on 2013-01-29", "object_id": "5", "change_message": "Changed start_time and end_time.", "user": 1, "content_type": 13}}, {"pk": 44, "model": "admin.logentry", "fields": {"action_flag": 1, "action_time": "2013-01-30T14:02:22.821Z", "object_repr": "Config object", "object_id": "1", "change_message": "", "user": 1, "content_type": 19}}, {"pk": 43, "model": "admin.logentry", "fields": {"action_flag": 1, "action_time": "2013-01-30T14:02:00.543Z", "object_repr": "ConfigSet object", "object_id": "1", "change_message": "", "user": 1, "content_type": 18}}, {"pk": 42, "model": "admin.logentry", "fields": {"action_flag": 2, "action_time": "2013-01-29T14:01:30.651Z", "object_repr": "tim on pod Comprehensive Pod between 10:00:00 and 11:00:00 on 2013-01-29", "object_id": "1", "change_message": "Changed start_time and end_time.", "user": 1, "content_type": 13}}, {"pk": 41, "model": "admin.logentry", "fields": {"action_flag": 2, "action_time": "2013-01-29T14:00:45.143Z", "object_repr": "roy on pod Smaller Pod between 12:00:00 and 13:00:00 on 2013-01-29", "object_id": "2", "change_message": "Changed start_time and end_time.", "user": 1, "content_type": 13}}, {"pk": 40, "model": "admin.logentry", "fields": {"action_flag": 2, "action_time": "2013-01-29T13:59:42.237Z", "object_repr": "roy on pod Smaller Pod between 10:00:00 and 11:00:00 on 2013-01-29", "object_id": "2", "change_message": "Changed start_time and end_time.", "user": 1, "content_type": 13}}, {"pk": 39, "model": "admin.logentry", "fields": {"action_flag": 2, "action_time": "2013-01-29T13:55:40.260Z", "object_repr": "tim on pod Comprehensive Pod between 09:00:00 and 10:00:00 on 2013-01-29", "object_id": "1", "change_message": "Changed start_time and end_time.", "user": 1, "content_type": 13}}, {"pk": 38, "model": "admin.logentry", "fields": {"action_flag": 2, "action_time": "2013-01-29T13:54:00.422Z", "object_repr": "roy on pod Smaller Pod between 11:00:00 and 12:00:00 on 2013-01-29", "object_id": "2", "change_message": "Changed start_time and end_time.", "user": 1, "content_type": 13}}, {"pk": 37, "model": "admin.logentry", "fields": {"action_flag": 2, "action_time": "2013-01-29T13:53:52.868Z", "object_repr": "tim on pod Comprehensive Pod between 10:00:00 and 11:00:00 on 2013-01-29", "object_id": "1", "change_message": "Changed end_time.", "user": 1, "content_type": 13}}, {"pk": 36, "model": "admin.logentry", "fields": {"action_flag": 2, "action_time": "2013-01-29T13:53:12.155Z", "object_repr": "tim on pod Comprehensive Pod between 10:00:00 and 12:00:00 on 2013-01-29", "object_id": "1", "change_message": "Changed date.", "user": 1, "content_type": 13}}, {"pk": 35, "model": "admin.logentry", "fields": {"action_flag": 2, "action_time": "2013-01-29T13:53:06.842Z", "object_repr": "tim on pod Comprehensive Pod between 10:00:00 and 12:00:00 on 2013-01-28", "object_id": "1", "change_message": "No fields changed.", "user": 1, "content_type": 13}}, {"pk": 34, "model": "admin.logentry", "fields": {"action_flag": 2, "action_time": "2013-01-29T13:53:03.978Z", "object_repr": "roy on pod Smaller Pod between 10:00:00 and 11:00:00 on 2013-01-29", "object_id": "2", "change_message": "Changed date.", "user": 1, "content_type": 13}}, {"pk": 33, "model": "admin.logentry", "fields": {"action_flag": 2, "action_time": "2013-01-29T13:50:31.621Z", "object_repr": "roy on pod Smaller Pod between 10:00:00 and 11:00:00 on 2013-01-28", "object_id": "2", "change_message": "Changed date.", "user": 1, "content_type": 13}}, {"pk": 32, "model": "admin.logentry", "fields": {"action_flag": 2, "action_time": "2013-01-28T21:39:37.292Z", "object_repr": "roy on pod Smaller Pod between 10:00:00 and 11:00:00 on 2013-01-29", "object_id": "2", "change_message": "Changed start_time.", "user": 1, "content_type": 13}}, {"pk": 31, "model": "admin.logentry", "fields": {"action_flag": 2, "action_time": "2013-01-28T21:39:31.581Z", "object_repr": "tim on pod Comprehensive Pod between 10:00:00 and 12:00:00 on 2013-01-28", "object_id": "1", "change_message": "Changed start_time and end_time.", "user": 1, "content_type": 13}}, {"pk": 30, "model": "admin.logentry", "fields": {"action_flag": 2, "action_time": "2013-01-28T21:39:22.340Z", "object_repr": "roy on pod Smaller Pod between 11:00:00 and 11:00:00 on 2013-01-29", "object_id": "2", "change_message": "Changed start_time and end_time.", "user": 1, "content_type": 13}}, {"pk": 29, "model": "admin.logentry", "fields": {"action_flag": 2, "action_time": "2013-01-28T21:36:53.768Z", "object_repr": "CCNA Pod", "object_id": "3", "change_message": "Changed description.", "user": 1, "content_type": 8}}, {"pk": 28, "model": "admin.logentry", "fields": {"action_flag": 1, "action_time": "2013-01-28T21:36:46.683Z", "object_repr": "Third Pod", "object_id": "3", "change_message": "", "user": 1, "content_type": 8}}, {"pk": 27, "model": "admin.logentry", "fields": {"action_flag": 1, "action_time": "2013-01-28T21:36:43.423Z", "object_repr": "1801", "object_id": "3", "change_message": "", "user": 1, "content_type": 9}}, {"pk": 26, "model": "admin.logentry", "fields": {"action_flag": 1, "action_time": "2013-01-28T21:36:29.941Z", "object_repr": "C18", "object_id": "3", "change_message": "", "user": 1, "content_type": 15}}, {"pk": 25, "model": "admin.logentry", "fields": {"action_flag": 1, "action_time": "2013-01-28T21:36:23.882Z", "object_repr": "172.16.1.1:23", "object_id": "6", "change_message": "", "user": 1, "content_type": 10}}, {"pk": 24, "model": "admin.logentry", "fields": {"action_flag": 1, "action_time": "2013-01-28T21:36:12.277Z", "object_repr": "CCNA", "object_id": "3", "change_message": "", "user": 1, "content_type": 12}}, {"pk": 23, "model": "admin.logentry", "fields": {"action_flag": 1, "action_time": "2013-01-28T17:29:33.496Z", "object_repr": "roy on pod Smaller Pod at 12:00:00 on 2013-01-29", "object_id": "2", "change_message": "", "user": 1, "content_type": 13}}, {"pk": 22, "model": "admin.logentry", "fields": {"action_flag": 1, "action_time": "2013-01-28T16:52:49.580Z", "object_repr": "roy", "object_id": "2", "change_message": "", "user": 1, "content_type": 3}}, {"pk": 21, "model": "admin.logentry", "fields": {"action_flag": 2, "action_time": "2013-01-28T16:40:54.000Z", "object_repr": "tim on pod Comprehensive Pod at 10:00:00 on 2013-01-28", "object_id": "1", "change_message": "Changed user.", "user": 1, "content_type": 13}}, {"pk": 20, "model": "admin.logentry", "fields": {"action_flag": 2, "action_time": "2013-01-28T13:08:28.270Z", "object_repr": "Tim on pod Comprehensive Pod at 10:00:00 on 2013-01-28", "object_id": "1", "change_message": "Changed time.", "user": 1, "content_type": 13}}, {"pk": 19, "model": "admin.logentry", "fields": {"action_flag": 2, "action_time": "2013-01-28T12:34:42.746Z", "object_repr": "Tim on pod Comprehensive Pod at 12:00:00 on 2013-01-28", "object_id": "1", "change_message": "Changed time.", "user": 1, "content_type": 13}}, {"pk": 18, "model": "admin.logentry", "fields": {"action_flag": 1, "action_time": "2013-01-28T12:13:40.347Z", "object_repr": "Tim on pod Comprehensive Pod at 12:11:55 on 2013-01-28", "object_id": "1", "change_message": "", "user": 1, "content_type": 13}}, {"pk": 17, "model": "admin.logentry", "fields": {"action_flag": 1, "action_time": "2013-01-28T11:56:04.391Z", "object_repr": "Smaller Pod", "object_id": "2", "change_message": "", "user": 1, "content_type": 8}}, {"pk": 16, "model": "admin.logentry", "fields": {"action_flag": 1, "action_time": "2013-01-28T11:55:59.268Z", "object_repr": "B16", "object_id": "2", "change_message": "", "user": 1, "content_type": 15}}, {"pk": 15, "model": "admin.logentry", "fields": {"action_flag": 1, "action_time": "2013-01-28T11:55:49.975Z", "object_repr": "10.10.10.150:23", "object_id": "5", "change_message": "", "user": 1, "content_type": 10}}, {"pk": 14, "model": "admin.logentry", "fields": {"action_flag": 2, "action_time": "2013-01-28T11:55:20.894Z", "object_repr": "Comprehensive Pod", "object_id": "1", "change_message": "Changed description.", "user": 1, "content_type": 8}}, {"pk": 13, "model": "admin.logentry", "fields": {"action_flag": 2, "action_time": "2013-01-28T11:39:40.685Z", "object_repr": "This is a good pod", "object_id": "1", "change_message": "Changed study_types. Added Device \"3560 at A1\".", "user": 1, "content_type": 8}}, {"pk": 12, "model": "admin.logentry", "fields": {"action_flag": 1, "action_time": "2013-01-28T11:37:58.773Z", "object_repr": "192.168.1.1:23", "object_id": "4", "change_message": "", "user": 1, "content_type": 10}}, {"pk": 11, "model": "admin.logentry", "fields": {"action_flag": 1, "action_time": "2013-01-28T11:37:37.360Z", "object_repr": "CCIE", "object_id": "2", "change_message": "", "user": 1, "content_type": 12}}, {"pk": 10, "model": "admin.logentry", "fields": {"action_flag": 1, "action_time": "2013-01-28T11:37:22.651Z", "object_repr": "CCNP", "object_id": "1", "change_message": "", "user": 1, "content_type": 12}}, {"pk": 9, "model": "admin.logentry", "fields": {"action_flag": 1, "action_time": "2013-01-28T11:18:18.723Z", "object_repr": "3560", "object_id": "2", "change_message": "", "user": 1, "content_type": 9}}, {"pk": 8, "model": "admin.logentry", "fields": {"action_flag": 2, "action_time": "2013-01-28T11:18:02.335Z", "object_repr": "2811", "object_id": "1", "change_message": "Changed type.", "user": 1, "content_type": 9}}, {"pk": 7, "model": "admin.logentry", "fields": {"action_flag": 2, "action_time": "2013-01-28T11:06:30.532Z", "object_repr": "Device object", "object_id": "1", "change_message": "No fields changed.", "user": 1, "content_type": 11}}, {"pk": 6, "model": "admin.logentry", "fields": {"action_flag": 1, "action_time": "2013-01-28T11:06:25.941Z", "object_repr": "Location object", "object_id": "1", "change_message": "", "user": 1, "content_type": 15}}, {"pk": 5, "model": "admin.logentry", "fields": {"action_flag": 1, "action_time": "2013-01-24T20:56:15.313Z", "object_repr": "Pod object", "object_id": "1", "change_message": "", "user": 1, "content_type": 8}}, {"pk": 4, "model": "admin.logentry", "fields": {"action_flag": 1, "action_time": "2013-01-24T20:56:05.528Z", "object_repr": "Device Type", "object_id": "1", "change_message": "", "user": 1, "content_type": 9}}, {"pk": 3, "model": "admin.logentry", "fields": {"action_flag": 1, "action_time": "2013-01-24T20:55:37.635Z", "object_repr": "Connection object", "object_id": "3", "change_message": "", "user": 1, "content_type": 10}}, {"pk": 2, "model": "admin.logentry", "fields": {"action_flag": 1, "action_time": "2013-01-24T20:55:19.878Z", "object_repr": "Connection object", "object_id": "2", "change_message": "", "user": 1, "content_type": 10}}, {"pk": 1, "model": "admin.logentry", "fields": {"action_flag": 1, "action_time": "2013-01-24T20:55:13.218Z", "object_repr": "Connection object", "object_id": "1", "change_message": "", "user": 1, "content_type": 10}}]